,time,device,lat,long,batt_current,batt_pct,orient_x,orient_y,orient_z,elev,sys_temp,fw,rssi,auxb_present,auxb_charging,auxb_rev,iccid
0,2019-06-07T16:59:47Z,A000806,,,-202.1,96.05,9.301,20.43,353.2,,32.94,Release-0.2.1.1,,False,False,0.0,
1,2019-06-07T19:14:02Z,A000806,,,-292.5,95.45,-3.0210000000000004,-0.4724,128.9,,40.98,Release-0.2.1.1,,False,False,0.0,
2,2019-06-07T19:19:32Z,A000806,,,,,,,,,,Release-0.2.1.1,,,,,
3,2019-06-07T19:20:35Z,A000806,40.4003,-74.6832,-289.0,94.0,0.7685,-1.581,159.4,-5.0,51.55,Release-0.2.1.1,,,,,8944500308175775553F
4,2019-06-07T19:24:37Z,A000806,,,-24.8,94.0,15.66,-29.63,99.46,,51.91,Release-0.2.1.1,-91.0,False,False,0.0,
5,2019-06-07T19:27:09Z,A000806,,,,,,,,,,Release-0.2.1.1,,,,,
6,2019-06-07T19:28:27Z,A000806,,,,,,,,,,Release-0.2.1.1,,,,,
7,2019-06-07T19:28:37Z,A000806,,,,,,,,,,Release-0.2.1.1,,,,,
8,2019-06-07T19:31:49Z,A000806,,,,,,,,,,Release-0.2.1.1,,,,,
9,2019-06-07T19:31:59Z,A000806,,,,,,,,,,Release-0.2.1.1,,,,,
10,2019-06-07T19:32:02Z,A000806,,,,,,,,,,Release-0.2.1.1,,,,,
11,2019-06-07T19:32:11Z,A000806,,,,,,,,,,Release-0.2.1.1,,,,,
12,2019-06-07T19:33:00Z,A000806,40.4004,-74.6832,-380.0,93.0,-4.598,53.66,352.4,4.0,48.65,Release-0.2.1.1,,,,,8944500308175775553F
13,2019-06-07T19:33:31Z,A000806,,,,,,,,,,Release-0.2.1.1,,,,,
14,2019-06-07T19:35:10Z,A000806,,,,,,,,,,Release-0.2.1.1,,,,,
15,2019-06-07T19:35:20Z,A000806,,,,,,,,,,Release-0.2.1.1,,,,,
16,2019-06-07T19:36:10Z,A000806,40.4003,-74.6832,-383.0,94.0,-9.007,5.035,0.0,-6.0,47.25,Release-0.2.1.1,,,,,8944500308175775553F
17,2019-06-07T19:40:28Z,A000806,,,-15.9,94.0,-5.99,2.024,109.6,,47.62,Release-0.2.1.1,-89.0,False,False,0.0,
18,2019-06-07T19:45:32Z,A000806,,,49.15,94.0,-2.267,0.5098,110.0,,50.21,Release-0.2.1.1,,False,False,0.0,
19,2019-06-07T19:50:35Z,A000806,,,8.25,94.0,-8.613,2.9339999999999997,112.5,,49.29,Release-0.2.1.1,,False,False,0.0,
20,2019-06-07T19:55:39Z,A000806,,,1.8,94.0,0.2002,-0.1944,116.5,,45.81,Release-0.2.1.1,,False,False,0.0,
21,2019-06-07T20:00:43Z,A000806,,,20.85,94.0,-0.3109,-0.1046,114.8,,44.12,Release-0.2.1.1,,False,False,0.0,
22,2019-06-07T20:05:47Z,A000806,,,54.4,94.6,-8.821,2.8680000000000003,111.4,,46.53,Release-0.2.1.1,,False,False,0.0,
23,2019-06-07T20:10:50Z,A000806,,,48.3,95.0,-4.976,1.626,110.1,,49.6,Release-0.2.1.1,,False,False,0.0,
24,2019-06-07T20:15:54Z,A000806,,,45.8,95.0,-1.3519999999999999,0.2405,109.9,,50.66,Release-0.2.1.1,,False,False,0.0,
25,2019-06-07T20:20:57Z,A000806,,,25.15,95.0,-6.233,2.199,110.1,,51.28,Release-0.2.1.1,,False,False,0.0,
26,2019-06-07T20:26:01Z,A000806,,,5.8,95.0,-3.7119999999999997,1.121,113.2,,48.5,Release-0.2.1.1,,False,False,0.0,
27,2019-06-07T20:31:05Z,A000806,,,-10.25,95.0,-5.604,1.7790000000000001,118.7,,43.42,Release-0.2.1.1,,False,False,0.0,
28,2019-06-07T20:36:09Z,A000806,,,0.75,95.0,-6.784,2.124,119.9,,40.45,Release-0.2.1.1,,False,False,0.0,
29,2019-06-07T20:41:13Z,A000806,,,-44.25,95.0,-11.77,3.7030000000000003,121.1,,39.78,Release-0.2.1.1,-87.0,False,False,0.0,
30,2019-06-07T20:46:17Z,A000806,,,7.9,95.0,-7.571000000000001,2.5180000000000002,120.1,,38.69,Release-0.2.1.1,,False,False,0.0,
31,2019-06-07T20:51:22Z,A000806,,,-5.95,95.0,-11.14,3.659,119.2,,39.56,Release-0.2.1.1,,False,False,0.0,
32,2019-06-07T20:56:26Z,A000806,,,-6.45,95.0,-4.291,1.2990000000000002,122.7,,37.71,Release-0.2.1.1,,False,False,0.0,
33,2019-06-07T21:01:31Z,A000806,,,17.85,95.0,-6.935,2.3680000000000003,118.7,,38.38,Release-0.2.1.1,,False,False,0.0,
34,2019-06-07T21:06:35Z,A000806,,,13.15,95.0,0.4743,-0.3114,116.8,,42.97,Release-0.2.1.1,,False,False,0.0,
35,2019-06-07T21:11:39Z,A000806,,,-3.35,95.0,-3.636,0.9869,117.6,,42.78,Release-0.2.1.1,,False,False,0.0,
36,2019-06-07T21:16:43Z,A000806,,,-3.5,95.0,-8.79,2.859,119.4,,39.83,Release-0.2.1.1,,False,False,0.0,
37,2019-06-07T21:21:47Z,A000806,,,6.0,95.0,-5.104,1.6030000000000002,118.6,,39.95,Release-0.2.1.1,,False,False,0.0,
38,2019-06-07T21:26:51Z,A000806,,,3.25,95.0,-4.046,1.266,117.9,,41.1,Release-0.2.1.1,,False,False,0.0,
39,2019-06-07T21:31:55Z,A000806,,,0.0,95.0,-4.5969999999999995,1.331,118.8,,41.3,Release-0.2.1.1,,False,False,0.0,
40,2019-06-07T21:36:59Z,A000806,,,-7.1,95.0,-12.14,4.013999999999999,121.3,,40.06,Release-0.2.1.1,,False,False,0.0,
41,2019-06-07T21:42:04Z,A000806,,,-45.85,95.0,-4.0169999999999995,1.247,122.4,,37.5,Release-0.2.1.1,-85.0,False,False,0.0,
42,2019-06-07T21:47:08Z,A000806,,,-8.65,95.0,1.2770000000000001,-0.591,124.3,,35.43,Release-0.2.1.1,,False,False,0.0,
43,2019-06-07T21:52:13Z,A000806,,,-10.7,95.0,1.969,-0.8859,125.3,,34.18,Release-0.2.1.1,,False,False,0.0,
44,2019-06-07T21:57:17Z,A000806,,,-10.8,94.7,0.8866,-0.6496,126.0,,33.17,Release-0.2.1.1,,False,False,0.0,
45,2019-06-07T22:02:22Z,A000806,,,-10.7,94.0,-4.083,1.23,125.9,,32.35,Release-0.2.1.1,,False,False,0.0,
46,2019-06-07T22:07:27Z,A000806,,,-10.35,94.0,-6.224,2.105,126.9,,31.49,Release-0.2.1.1,,False,False,0.0,
47,2019-06-07T22:12:32Z,A000806,,,-8.6,94.0,-8.556000000000001,2.861,126.9,,30.88,Release-0.2.1.1,,False,False,0.0,
48,2019-06-07T22:17:36Z,A000806,,,-8.85,94.0,-12.43,4.001,127.4,,30.51,Release-0.2.1.1,,False,False,0.0,
49,2019-06-07T22:22:41Z,A000806,,,-8.55,94.0,-14.37,4.587,127.6,,30.29,Release-0.2.1.1,,False,False,0.0,
50,2019-06-07T22:27:46Z,A000806,,,-8.5,94.0,-17.76,5.781000000000001,126.4,,30.23,Release-0.2.1.1,,False,False,0.0,
51,2019-06-07T22:32:51Z,A000806,,,-8.75,94.0,-15.83,5.537000000000001,128.1,,29.97,Release-0.2.1.1,,False,False,0.0,
52,2019-06-07T22:37:56Z,A000806,,,-7.15,94.0,-13.53,4.715,129.2,,29.31,Release-0.2.1.1,,False,False,0.0,
53,2019-06-07T22:43:01Z,A000806,,,-39.3,94.0,-9.193999999999999,3.293,129.3,,28.89,Release-0.2.1.1,-85.0,False,False,0.0,
54,2019-06-07T22:48:06Z,A000806,,,-1.75,94.0,-5.761,1.694,129.5,,28.25,Release-0.2.1.1,,False,False,0.0,
55,2019-06-07T22:53:11Z,A000806,,,-1.0,94.0,-3.175,0.7337,129.4,,27.79,Release-0.2.1.1,,False,False,0.0,
56,2019-06-07T22:58:16Z,A000806,,,-1.5,94.0,-3.1310000000000002,0.7029,130.1,,27.55,Release-0.2.1.1,,False,False,0.0,
57,2019-06-07T23:03:21Z,A000806,,,-1.5,94.0,-2.516,0.484,128.2,,27.3,Release-0.2.1.1,,False,False,0.0,
58,2019-06-07T23:08:26Z,A000806,,,-0.25,94.0,-0.5358,-0.1864,130.1,,26.96,Release-0.2.1.1,,False,False,0.0,
59,2019-06-07T23:13:31Z,A000806,,,0.0,94.0,2.0469999999999997,-0.8159,130.1,,26.4,Release-0.2.1.1,,False,False,0.0,
60,2019-06-07T23:18:36Z,A000806,,,0.0,94.0,3.6630000000000003,-1.5330000000000001,131.9,,25.75,Release-0.2.1.1,,False,False,0.0,
61,2019-06-07T23:23:41Z,A000806,,,0.0,94.0,1.614,-1.175,132.1,,25.1,Release-0.2.1.1,,False,False,0.0,
62,2019-06-07T23:28:47Z,A000806,,,0.0,94.0,-2.02,0.2986,133.8,,24.58,Release-0.2.1.1,,False,False,0.0,
63,2019-06-07T23:33:52Z,A000806,,,0.0,94.0,-3.812,1.078,134.2,,24.07,Release-0.2.1.1,,False,False,0.0,
64,2019-06-07T23:38:57Z,A000806,,,0.0,94.0,-3.963,1.321,135.8,,23.5,Release-0.2.1.1,,False,False,0.0,
65,2019-06-07T23:44:02Z,A000806,,,-54.0,94.0,-3.949,1.234,134.7,,23.16,Release-0.2.1.1,-89.0,False,False,0.0,
66,2019-06-07T23:49:07Z,A000806,,,0.0,94.0,-21.26,6.676,135.6,,22.65,Release-0.2.1.1,,False,False,0.0,
67,2019-06-07T23:54:13Z,A000806,,,0.0,94.0,-25.1,8.244,136.0,,22.15,Release-0.2.1.1,,False,False,0.0,
68,2019-06-07T23:59:18Z,A000806,,,-0.25,94.0,-25.1,8.086,137.4,,21.75,Release-0.2.1.1,,False,False,0.0,
69,2019-06-08T00:04:24Z,A000806,,,-0.25,94.0,-11.72,4.573,137.0,,21.44,Release-0.2.1.1,,False,False,0.0,
70,2019-06-08T00:09:30Z,A000806,,,-0.25,94.0,-15.73,6.104,137.4,,21.1,Release-0.2.1.1,,False,False,0.0,
71,2019-06-08T00:14:35Z,A000806,,,-0.25,94.0,-6.251,1.766,136.5,,20.7,Release-0.2.1.1,,False,False,0.0,
72,2019-06-08T00:19:41Z,A000806,,,0.0,93.1,-3.801,0.8939,137.4,,20.34,Release-0.2.1.1,,False,False,0.0,
73,2019-06-08T00:24:47Z,A000806,,,0.0,93.0,-3.83,1.035,139.5,,20.01,Release-0.2.1.1,,False,False,0.0,
74,2019-06-08T00:29:53Z,A000806,,,-0.25,93.0,-3.772,0.9167,138.7,,19.67,Release-0.2.1.1,,False,False,0.0,
75,2019-06-08T00:34:59Z,A000806,,,0.0,93.0,-3.545,0.3523,139.1,,19.37,Release-0.2.1.1,,False,False,0.0,
76,2019-06-08T00:40:05Z,A000806,,,0.0,93.0,-1.1059999999999999,-0.04621,139.1,,19.07,Release-0.2.1.1,,False,False,0.0,
77,2019-06-08T00:45:11Z,A000806,,,-37.55,93.0,-1.041,-0.06072999999999999,140.1,,18.97,Release-0.2.1.1,-87.0,False,False,0.0,
78,2019-06-08T00:50:17Z,A000806,,,0.0,93.0,2.4819999999999998,-0.9979,141.0,,18.75,Release-0.2.1.1,,False,False,0.0,
79,2019-06-08T00:55:23Z,A000806,,,0.0,93.0,2.8689999999999998,-1.193,140.5,,18.45,Release-0.2.1.1,,False,False,0.0,
80,2019-06-08T01:00:29Z,A000806,,,-0.25,93.0,2.154,-0.9556,140.4,,18.22,Release-0.2.1.1,,False,False,0.0,
81,2019-06-08T01:05:35Z,A000806,,,0.0,93.0,3.57,-1.456,140.5,,18.03,Release-0.2.1.1,,False,False,0.0,
82,2019-06-08T01:10:41Z,A000806,,,0.0,93.0,3.7880000000000003,-1.608,140.6,,17.88,Release-0.2.1.1,,False,False,0.0,
83,2019-06-08T01:15:47Z,A000806,,,0.0,93.0,3.1180000000000003,-1.591,141.2,,17.71,Release-0.2.1.1,,False,False,0.0,
84,2019-06-08T01:20:53Z,A000806,,,0.0,93.0,2.8819999999999997,-1.546,140.1,,17.56,Release-0.2.1.1,,False,False,0.0,
85,2019-06-08T01:25:59Z,A000806,,,0.0,93.0,2.1719999999999997,-1.371,142.0,,17.47,Release-0.2.1.1,,False,False,0.0,
86,2019-06-08T01:31:05Z,A000806,,,0.0,93.0,0.3601,-0.6477,140.6,,17.35,Release-0.2.1.1,,False,False,0.0,
87,2019-06-08T01:36:11Z,A000806,,,0.0,93.0,0.04009,-0.4467,141.8,,17.2,Release-0.2.1.1,,False,False,0.0,
88,2019-06-08T01:41:17Z,A000806,,,0.0,93.0,1.195,-0.8739,141.7,,17.12,Release-0.2.1.1,,False,False,0.0,
89,2019-06-08T01:46:23Z,A000806,,,-37.25,93.0,-0.8419,-0.05148,139.7,,17.17,Release-0.2.1.1,-85.0,False,False,0.0,
90,2019-06-08T01:51:29Z,A000806,,,0.0,93.0,-1.18,0.024640000000000002,141.5,,17.05,Release-0.2.1.1,,False,False,0.0,
91,2019-06-08T01:56:35Z,A000806,,,0.0,93.0,-1.915,0.3535,140.8,,16.89,Release-0.2.1.1,,False,False,0.0,
92,2019-06-08T02:01:41Z,A000806,,,0.0,93.0,-2.4419999999999997,0.5444,141.8,,16.72,Release-0.2.1.1,,False,False,0.0,
93,2019-06-08T02:06:47Z,A000806,,,0.0,93.0,-2.247,0.5076,141.9,,16.58,Release-0.2.1.1,,False,False,0.0,
94,2019-06-08T02:11:53Z,A000806,,,0.0,93.0,-3.075,0.8367,142.3,,16.48,Release-0.2.1.1,,False,False,0.0,
95,2019-06-08T02:17:00Z,A000806,,,0.0,93.0,-3.16,0.9931,141.6,,16.37,Release-0.2.1.1,,False,False,0.0,
96,2019-06-08T02:22:06Z,A000806,,,0.0,93.0,-3.667,1.2670000000000001,143.1,,16.21,Release-0.2.1.1,,False,False,0.0,
97,2019-06-08T02:27:12Z,A000806,,,0.0,93.0,-4.461,1.653,143.0,,16.07,Release-0.2.1.1,,False,False,0.0,
98,2019-06-08T02:32:18Z,A000806,,,0.0,92.15,-5.109,1.814,142.9,,15.94,Release-0.2.1.1,,False,False,0.0,
99,2019-06-08T02:37:24Z,A000806,,,0.0,92.0,-8.315,2.667,142.0,,15.85,Release-0.2.1.1,,False,False,0.0,
100,2019-06-08T02:42:31Z,A000806,,,0.0,92.0,-7.937,2.559,143.7,,15.79,Release-0.2.1.1,,False,False,0.0,
101,2019-06-08T02:56:27Z,A000806,,,-40.85,92.0,,,143.8,,15.93,Release-0.2.1.1,-87.0,False,False,0.0,
102,2019-06-08T03:01:34Z,A000806,,,-3.75,92.0,,,142.3,,15.64,Release-0.2.1.1,,False,False,0.0,
103,2019-06-08T03:06:40Z,A000806,,,-4.0,92.0,,,144.7,,15.37,Release-0.2.1.1,,False,False,0.0,
104,2019-06-08T03:11:46Z,A000806,,,-3.5,92.0,,,144.1,,15.22,Release-0.2.1.1,,False,False,0.0,
105,2019-06-08T03:16:52Z,A000806,,,-4.5,92.0,,,143.7,,15.12,Release-0.2.1.1,,False,False,0.0,
106,2019-06-08T03:21:59Z,A000806,,,-3.75,92.0,,,142.7,,14.99,Release-0.2.1.1,,False,False,0.0,
107,2019-06-08T03:27:05Z,A000806,,,-4.0,92.0,,,144.5,,14.88,Release-0.2.1.1,,False,False,0.0,
108,2019-06-08T03:32:11Z,A000806,,,-3.5,92.0,,,144.5,,14.84,Release-0.2.1.1,,False,False,0.0,
109,2019-06-08T03:37:18Z,A000806,,,-3.5,92.0,,,143.5,,14.74,Release-0.2.1.1,,False,False,0.0,
110,2019-06-08T03:42:24Z,A000806,,,-2.75,92.0,,,145.6,,14.65,Release-0.2.1.1,,False,False,0.0,
111,2019-06-08T03:47:31Z,A000806,,,-41.5,91.55,,,144.0,,14.65,Release-0.2.1.1,-85.0,False,False,0.0,
112,2019-06-08T03:52:37Z,A000806,,,-4.25,91.0,,,143.4,,14.66,Release-0.2.1.1,,False,False,0.0,
113,2019-06-08T03:57:43Z,A000806,,,-4.25,91.0,,,144.2,,14.43,Release-0.2.1.1,,False,False,0.0,
114,2019-06-08T04:02:50Z,A000806,,,-3.5,91.0,,,144.0,,14.23,Release-0.2.1.1,,False,False,0.0,
115,2019-06-08T04:07:56Z,A000806,,,-3.5,91.0,,,143.2,,14.15,Release-0.2.1.1,,False,False,0.0,
116,2019-06-08T04:13:02Z,A000806,,,-3.0,91.0,,,146.9,,14.06,Release-0.2.1.1,,False,False,0.0,
117,2019-06-08T04:18:09Z,A000806,,,-3.0,91.0,,,145.6,,13.95,Release-0.2.1.1,,False,False,0.0,
118,2019-06-08T04:23:15Z,A000806,,,-3.0,91.0,,,144.2,,13.84,Release-0.2.1.1,,False,False,0.0,
119,2019-06-08T04:28:22Z,A000806,,,-4.25,91.0,,,146.2,,13.76,Release-0.2.1.1,,False,False,0.0,
120,2019-06-08T04:33:28Z,A000806,,,-3.0,91.0,,,144.3,,13.72,Release-0.2.1.1,,False,False,0.0,
121,2019-06-08T04:38:35Z,A000806,,,-3.25,91.0,,,145.3,,13.62,Release-0.2.1.1,,False,False,0.0,
122,2019-06-08T04:43:41Z,A000806,,,-4.0,91.0,,,145.5,,13.56,Release-0.2.1.1,,False,False,0.0,
123,2019-06-08T04:48:48Z,A000806,,,-40.7,91.0,,,144.5,,13.64,Release-0.2.1.1,-87.0,False,False,0.0,
124,2019-06-08T04:53:54Z,A000806,,,-3.75,91.0,,,146.0,,13.65,Release-0.2.1.1,,False,False,0.0,
125,2019-06-08T04:59:01Z,A000806,,,-3.75,91.0,,,146.1,,13.48,Release-0.2.1.1,,False,False,0.0,
126,2019-06-08T05:04:07Z,A000806,,,-3.5,91.0,,,146.3,,13.41,Release-0.2.1.1,,False,False,0.0,
127,2019-06-08T05:09:14Z,A000806,,,-3.5,91.0,,,144.8,,13.44,Release-0.2.1.1,,False,False,0.0,
128,2019-06-08T05:14:20Z,A000806,,,-3.5,91.0,,,145.6,,13.37,Release-0.2.1.1,,False,False,0.0,
129,2019-06-08T05:19:27Z,A000806,,,-3.25,91.0,,,145.6,,13.35,Release-0.2.1.1,,False,False,0.0,
130,2019-06-08T05:24:33Z,A000806,,,-3.75,91.0,,,145.5,,13.36,Release-0.2.1.1,,False,False,0.0,
131,2019-06-08T05:29:40Z,A000806,,,-3.25,91.0,,,145.0,,13.35,Release-0.2.1.1,,False,False,0.0,
132,2019-06-08T05:34:46Z,A000806,,,-4.0,91.0,,,145.0,,13.29,Release-0.2.1.1,,False,False,0.0,
133,2019-06-08T05:39:52Z,A000806,,,-3.0,91.0,,,145.8,,13.23,Release-0.2.1.1,,False,False,0.0,
134,2019-06-08T05:44:59Z,A000806,,,-3.75,91.0,,,145.2,,13.25,Release-0.2.1.1,,False,False,0.0,
135,2019-06-08T05:50:05Z,A000806,,,-36.8,90.5,,,146.2,,13.3,Release-0.2.1.1,-87.0,False,False,0.0,
136,2019-06-08T05:55:11Z,A000806,,,-4.75,90.0,,,146.3,,13.39,Release-0.2.1.1,,False,False,0.0,
137,2019-06-08T06:00:18Z,A000806,,,-3.25,90.0,,,145.9,,13.24,Release-0.2.1.1,,False,False,0.0,
138,2019-06-08T06:05:24Z,A000806,,,-3.75,90.0,,,144.6,,13.14,Release-0.2.1.1,,False,False,0.0,
139,2019-06-08T06:10:30Z,A000806,,,-3.5,90.0,,,145.7,,13.04,Release-0.2.1.1,,False,False,0.0,
140,2019-06-08T06:15:37Z,A000806,,,-3.0,90.0,,,145.8,,12.95,Release-0.2.1.1,,False,False,0.0,
141,2019-06-08T06:20:43Z,A000806,,,-3.0,90.0,,,146.4,,12.92,Release-0.2.1.1,,False,False,0.0,
142,2019-06-08T06:25:49Z,A000806,,,-3.75,90.0,,,146.0,,12.86,Release-0.2.1.1,,False,False,0.0,
143,2019-06-08T06:30:55Z,A000806,,,-4.75,90.0,,,145.0,,12.85,Release-0.2.1.1,,False,False,0.0,
144,2019-06-08T06:36:01Z,A000806,,,-4.5,90.0,,,147.1,,12.85,Release-0.2.1.1,,False,False,0.0,
145,2019-06-08T06:41:08Z,A000806,,,-3.25,90.0,,,146.8,,12.82,Release-0.2.1.1,,False,False,0.0,
146,2019-06-08T06:46:14Z,A000806,,,-3.5,90.0,,,147.0,,12.73,Release-0.2.1.1,,False,False,0.0,
147,2019-06-08T06:51:20Z,A000806,,,-42.85,90.0,,,145.8,,12.78,Release-0.2.1.1,-87.0,False,False,0.0,
148,2019-06-08T06:56:26Z,A000806,,,-3.75,90.0,,,146.5,,12.81,Release-0.2.1.1,,False,False,0.0,
149,2019-06-08T07:01:33Z,A000806,,,-3.5,90.0,,,147.8,,12.65,Release-0.2.1.1,,False,False,0.0,
150,2019-06-08T07:06:39Z,A000806,,,-3.75,90.0,,,147.9,,12.6,Release-0.2.1.1,,False,False,0.0,
151,2019-06-08T07:11:45Z,A000806,,,-3.25,90.0,,,146.8,,12.48,Release-0.2.1.1,,False,False,0.0,
152,2019-06-08T07:16:52Z,A000806,,,-3.5,90.0,,,147.9,,12.42,Release-0.2.1.1,,False,False,0.0,
153,2019-06-08T07:21:58Z,A000806,,,-3.75,90.0,,,147.2,,12.39,Release-0.2.1.1,,False,False,0.0,
154,2019-06-08T07:27:05Z,A000806,,,-4.25,90.0,,,148.1,,12.34,Release-0.2.1.1,,False,False,0.0,
155,2019-06-08T07:32:11Z,A000806,,,-3.25,90.0,,,147.1,,12.32,Release-0.2.1.1,,False,False,0.0,
156,2019-06-08T07:37:17Z,A000806,,,-3.75,90.0,,,146.3,,12.27,Release-0.2.1.1,,False,False,0.0,
157,2019-06-08T07:42:24Z,A000806,,,-3.25,90.0,,,146.5,,12.17,Release-0.2.1.1,,False,False,0.0,
158,2019-06-08T07:47:30Z,A000806,,,-3.75,90.0,,,147.0,,12.15,Release-0.2.1.1,,False,False,0.0,
159,2019-06-08T07:52:37Z,A000806,40.4004,-74.6831,-59.6,89.45,,,146.0,-8.0,12.26,Release-0.2.1.1,-87.0,False,False,0.0,
160,2019-06-08T07:57:43Z,A000806,,,-4.0,89.0,,,145.8,,12.28,Release-0.2.1.1,,False,False,0.0,
161,2019-06-08T08:02:50Z,A000806,,,-3.25,89.0,,,147.5,,12.11,Release-0.2.1.1,,False,False,0.0,
162,2019-06-08T08:07:56Z,A000806,,,-3.75,89.0,,,147.4,,12.0,Release-0.2.1.1,,False,False,0.0,
163,2019-06-08T08:13:03Z,A000806,,,-3.75,89.0,,,148.3,,11.91,Release-0.2.1.1,,False,False,0.0,
164,2019-06-08T08:18:10Z,A000806,,,-2.75,89.0,,,147.1,,11.85,Release-0.2.1.1,,False,False,0.0,
165,2019-06-08T08:23:16Z,A000806,,,-3.25,89.0,,,147.4,,11.79,Release-0.2.1.1,,False,False,0.0,
166,2019-06-08T08:28:23Z,A000806,,,-2.5,89.0,,,148.2,,11.77,Release-0.2.1.1,,False,False,0.0,
167,2019-06-08T08:33:30Z,A000806,,,-3.5,89.0,,,148.7,,11.74,Release-0.2.1.1,,False,False,0.0,
168,2019-06-08T08:38:36Z,A000806,,,-3.25,89.0,,,146.3,,11.62,Release-0.2.1.1,,False,False,0.0,
169,2019-06-08T08:43:43Z,A000806,,,-3.0,89.0,,,147.0,,11.59,Release-0.2.1.1,,False,False,0.0,
170,2019-06-08T08:48:49Z,A000806,,,-3.0,89.0,,,146.8,,11.65,Release-0.2.1.1,,False,False,0.0,
171,2019-06-08T08:53:55Z,A000806,,,-41.0,89.0,,,148.2,,11.75,Release-0.2.1.1,-87.0,False,False,0.0,
172,2019-06-08T08:59:01Z,A000806,,,-3.25,89.0,,,147.4,,11.77,Release-0.2.1.1,,False,False,0.0,
173,2019-06-08T09:04:08Z,A000806,,,-4.0,89.0,,,147.4,,11.61,Release-0.2.1.1,,False,False,0.0,
174,2019-06-08T09:09:14Z,A000806,,,-3.25,89.0,,,147.3,,11.48,Release-0.2.1.1,,False,False,0.0,
175,2019-06-08T09:14:21Z,A000806,,,-3.5,89.0,,,148.4,,11.35,Release-0.2.1.1,,False,False,0.0,
176,2019-06-08T09:19:28Z,A000806,,,-3.0,89.0,,,149.1,,11.26,Release-0.2.1.1,,False,False,0.0,
177,2019-06-08T09:24:34Z,A000806,,,-2.75,89.0,,,148.8,,11.24,Release-0.2.1.1,,False,False,0.0,
178,2019-06-08T09:29:41Z,A000806,,,-3.0,88.95,,,147.4,,11.35,Release-0.2.1.1,,False,False,0.0,
179,2019-06-08T09:34:47Z,A000806,,,-2.5,88.0,,,148.4,,11.35,Release-0.2.1.1,,False,False,0.0,
180,2019-06-08T09:39:54Z,A000806,,,-3.5,88.0,,,148.5,,11.35,Release-0.2.1.1,,False,False,0.0,
181,2019-06-08T09:45:01Z,A000806,,,-3.0,88.0,,,147.5,,11.36,Release-0.2.1.1,,False,False,0.0,
182,2019-06-08T09:50:07Z,A000806,,,-3.0,88.0,,,149.5,,11.5,Release-0.2.1.1,,False,False,0.0,
183,2019-06-08T09:55:14Z,A000806,,,-41.4,88.0,,,147.7,,11.76,Release-0.2.1.1,-85.0,False,False,0.0,
184,2019-06-08T10:00:21Z,A000806,,,-2.5,88.0,,,147.9,,12.0,Release-0.2.1.1,,False,False,0.0,
185,2019-06-08T10:05:27Z,A000806,,,-3.25,88.0,,,147.5,,12.05,Release-0.2.1.1,,False,False,0.0,
186,2019-06-08T10:10:33Z,A000806,,,-2.75,88.0,,,147.4,,12.11,Release-0.2.1.1,,False,False,0.0,
187,2019-06-08T10:15:40Z,A000806,,,-2.25,88.0,,,147.6,,12.2,Release-0.2.1.1,,False,False,0.0,
188,2019-06-08T10:20:46Z,A000806,,,-3.5,88.0,,,145.7,,12.36,Release-0.2.1.1,,False,False,0.0,
189,2019-06-08T10:25:53Z,A000806,,,-3.0,88.0,,,147.0,,12.55,Release-0.2.1.1,,False,False,0.0,
190,2019-06-08T10:30:59Z,A000806,,,-4.25,88.0,,,147.0,,12.7,Release-0.2.1.1,,False,False,0.0,
191,2019-06-08T10:36:06Z,A000806,,,-3.5,88.0,,,147.2,,12.89,Release-0.2.1.1,,False,False,0.0,
192,2019-06-08T10:41:12Z,A000806,,,-3.75,88.0,,,146.2,,13.2,Release-0.2.1.1,,False,False,0.0,
193,2019-06-08T10:46:18Z,A000806,,,-4.25,88.0,,,145.1,,13.59,Release-0.2.1.1,,False,False,0.0,
194,2019-06-08T10:51:24Z,A000806,,,-4.5,88.0,,,143.8,,13.98,Release-0.2.1.1,,False,False,0.0,
195,2019-06-08T10:56:31Z,A000806,,,-43.0,88.0,,,143.7,,14.69,Release-0.2.1.1,-87.0,False,False,0.0,
196,2019-06-08T11:01:37Z,A000806,,,-7.95,88.0,,,140.9,,15.85,Release-0.2.1.1,,False,False,0.0,
197,2019-06-08T11:06:42Z,A000806,,,-11.1,87.7,,,137.7,,17.62,Release-0.2.1.1,,False,False,0.0,
198,2019-06-08T11:11:48Z,A000806,,,-11.0,85.5,,,133.2,,19.46,Release-0.2.1.1,,False,False,0.0,
199,2019-06-08T11:16:53Z,A000806,,,-11.3,84.0,,,131.4,,20.66,Release-0.2.1.1,,False,False,0.0,
200,2019-06-08T11:21:58Z,A000806,,,-10.85,84.0,,,131.5,,21.75,Release-0.2.1.1,,False,False,0.0,
201,2019-06-08T11:27:04Z,A000806,,,-9.85,84.0,,,129.0,,23.08,Release-0.2.1.1,,False,False,0.0,
202,2019-06-08T11:32:09Z,A000806,,,-9.65,84.0,,,125.4,,24.17,Release-0.2.1.1,,False,False,0.0,
203,2019-06-08T11:37:14Z,A000806,,,-9.55,84.0,,,124.6,,25.3,Release-0.2.1.1,,False,False,0.0,
204,2019-06-08T11:42:19Z,A000806,,,-9.95,84.0,,,123.2,,25.93,Release-0.2.1.1,,False,False,0.0,
205,2019-06-08T11:47:23Z,A000806,,,-7.8,84.0,,,123.3,,26.65,Release-0.2.1.1,,False,False,0.0,
206,2019-06-08T11:52:28Z,A000806,,,-9.1,84.0,,,123.3,,27.75,Release-0.2.1.1,,False,False,0.0,
207,2019-06-08T11:57:32Z,A000806,,,-53.5,84.0,,,120.4,,27.97,Release-0.2.1.1,-87.0,False,False,0.0,
208,2019-06-08T12:02:37Z,A000806,,,-9.35,84.0,,,121.3,,28.57,Release-0.2.1.1,,False,False,0.0,
209,2019-06-08T12:07:42Z,A000806,,,-5.4,84.0,,,121.7,,28.24,Release-0.2.1.1,,False,False,0.0,
210,2019-06-08T12:12:47Z,A000806,,,-1.4,84.0,,,120.9,,29.36,Release-0.2.1.1,,False,False,0.0,
211,2019-06-08T12:17:51Z,A000806,,,-4.1,83.55,,,120.6,,30.17,Release-0.2.1.1,,False,False,0.0,
212,2019-06-08T12:22:56Z,A000806,,,-7.2,83.0,,,119.4,,30.12,Release-0.2.1.1,,False,False,0.0,
213,2019-06-08T12:28:01Z,A000806,,,-3.8,83.0,,,122.4,,29.74,Release-0.2.1.1,,False,False,0.0,
214,2019-06-08T12:33:06Z,A000806,,,0.0,83.0,,,120.3,,30.61,Release-0.2.1.1,,False,False,0.0,
215,2019-06-08T12:38:10Z,A000806,,,-2.0,83.0,,,119.6,,31.11,Release-0.2.1.1,,False,False,0.0,
216,2019-06-08T12:43:15Z,A000806,,,0.0,83.0,,,118.8,,31.55,Release-0.2.1.1,,False,False,0.0,
217,2019-06-08T12:48:20Z,A000806,,,0.0,83.8,,,117.3,,32.93,Release-0.2.1.1,,False,False,0.0,
218,2019-06-08T12:53:25Z,A000806,,,0.0,84.0,,,117.6,,33.38,Release-0.2.1.1,,False,False,0.0,
219,2019-06-08T12:58:30Z,A000806,,,-34.65,84.0,,,115.3,,34.5,Release-0.2.1.1,-85.0,False,False,0.0,
220,2019-06-08T13:03:35Z,A000806,,,1.65,84.0,,,113.8,,35.96,Release-0.2.1.1,,False,False,0.0,
221,2019-06-08T13:08:39Z,A000806,,,0.0,84.0,,,115.4,,35.97,Release-0.2.1.1,,False,False,0.0,
222,2019-06-08T13:13:43Z,A000806,,,0.65,84.0,,,116.7,,35.45,Release-0.2.1.1,,False,False,0.0,
223,2019-06-08T13:18:48Z,A000806,,,4.75,84.0,,,114.8,,35.94,Release-0.2.1.1,,False,False,0.0,
224,2019-06-08T13:23:52Z,A000806,,,8.45,84.0,,,113.9,,37.23,Release-0.2.1.1,,False,False,0.0,
225,2019-06-08T13:28:57Z,A000806,,,7.8,84.0,,,113.5,,38.26,Release-0.2.1.1,,False,False,0.0,
226,2019-06-08T13:34:01Z,A000806,,,6.8,84.0,,,111.1,,38.78,Release-0.2.1.1,,False,False,0.0,
227,2019-06-08T13:39:05Z,A000806,,,9.8,84.0,,,110.3,,39.23,Release-0.2.1.1,,False,False,0.0,
228,2019-06-08T13:44:10Z,A000806,,,9.5,84.0,,,111.7,,38.94,Release-0.2.1.1,,False,False,0.0,
229,2019-06-08T13:49:14Z,A000806,,,20.05,84.0,,,110.8,,39.61,Release-0.2.1.1,,False,False,0.0,
230,2019-06-08T13:54:18Z,A000806,,,18.35,84.0,,,110.9,,40.69,Release-0.2.1.1,,False,False,0.0,
231,2019-06-08T13:59:22Z,A000806,,,-29.85,84.0,,,112.0,,40.25,Release-0.2.1.1,-87.0,False,False,0.0,
232,2019-06-08T14:04:26Z,A000806,,,17.9,84.0,,,112.2,,39.27,Release-0.2.1.1,,False,False,0.0,
233,2019-06-08T14:09:30Z,A000806,,,21.65,84.0,,,112.2,,40.17,Release-0.2.1.1,,False,False,0.0,
234,2019-06-08T14:14:35Z,A000806,,,29.3,84.0,,,110.5,,40.62,Release-0.2.1.1,,False,False,0.0,
235,2019-06-08T14:19:39Z,A000806,,,20.85,84.0,,,110.5,,40.92,Release-0.2.1.1,,False,False,0.0,
236,2019-06-08T14:24:44Z,A000806,,,15.55,84.0,,,110.8,,40.2,Release-0.2.1.1,,False,False,0.0,
237,2019-06-08T14:29:48Z,A000806,,,10.0,84.8,,,111.5,,39.24,Release-0.2.1.1,,False,False,0.0,
238,2019-06-08T14:34:53Z,A000806,,,26.45,85.0,,,112.7,,38.71,Release-0.2.1.1,,False,False,0.0,
239,2019-06-08T14:39:57Z,A000806,,,59.2,85.0,,,108.2,,41.22,Release-0.2.1.1,,False,False,0.0,
240,2019-06-08T14:45:02Z,A000806,,,59.45,85.0,,,106.0,,43.68,Release-0.2.1.1,,False,False,0.0,
241,2019-06-08T14:50:06Z,A000806,,,46.95,85.0,,,106.6,,44.39,Release-0.2.1.1,,False,False,0.0,
242,2019-06-08T14:55:10Z,A000806,,,47.2,85.95,,,107.5,,44.11,Release-0.2.1.1,,False,False,0.0,
243,2019-06-08T15:00:14Z,A000806,,,21.4,86.0,,,105.6,,44.9,Release-0.2.1.1,-85.0,False,False,0.0,
244,2019-06-08T15:05:18Z,A000806,,,75.7,86.0,,,103.2,,47.09,Release-0.2.1.1,,False,False,0.0,
245,2019-06-08T15:10:22Z,A000806,,,58.9,86.0,,,102.8,,48.67,Release-0.2.1.1,,False,False,0.0,
246,2019-06-08T15:15:26Z,A000806,,,46.95,87.0,,,103.4,,47.73,Release-0.2.1.1,,False,False,0.0,
247,2019-06-08T15:20:30Z,A000806,,,73.45,87.0,,,101.2,,47.9,Release-0.2.1.1,,False,False,0.0,
248,2019-06-08T15:25:33Z,A000806,,,80.25,87.0,,,101.4,,49.68,Release-0.2.1.1,,False,False,0.0,
249,2019-06-08T15:30:37Z,A000806,,,85.8,87.85,,,99.33,,51.22,Release-0.2.1.1,,False,False,0.0,
250,2019-06-08T15:35:41Z,A000806,,,59.15,88.0,,,99.03,,51.36,Release-0.2.1.1,,False,False,0.0,
251,2019-06-08T15:40:41Z,A000806,,,69.0,88.0,,,102.9,,50.14,Release-0.2.1.1,,False,False,0.0,
252,2019-06-08T15:45:48Z,A000806,,,74.95,88.95,,,102.2,,49.75,Release-0.2.1.1,,False,False,0.0,
253,2019-06-08T15:50:52Z,A000806,,,97.3,89.0,,,98.9,,51.48,Release-0.2.1.1,,False,False,0.0,
254,2019-06-08T15:55:55Z,A000806,,,76.8,89.65,,,100.7,,52.77,Release-0.2.1.1,,False,False,0.0,
255,2019-06-08T16:00:58Z,A000806,,,5.6,90.0,,,103.3,,50.51,Release-0.2.1.1,-85.0,False,False,0.0,
256,2019-06-08T16:06:02Z,A000806,,,32.8,90.0,,,102.6,,47.02,Release-0.2.1.1,,False,False,0.0,
257,2019-06-08T16:11:06Z,A000806,,,46.2,90.0,,,105.1,,46.95,Release-0.2.1.1,,False,False,0.0,
258,2019-06-08T16:16:10Z,A000806,,,68.85,90.0,,,104.2,,46.28,Release-0.2.1.1,,False,False,0.0,
259,2019-06-08T16:21:14Z,A000806,,,88.8,90.85,,,99.68,,49.87,Release-0.2.1.1,,False,False,0.0,
260,2019-06-08T16:26:17Z,A000806,,,55.6,91.0,,,102.5,,52.14,Release-0.2.1.1,,False,False,0.0,
261,2019-06-08T16:31:21Z,A000806,,,43.5,91.0,,,101.5,,48.19,Release-0.2.1.1,,False,False,0.0,
262,2019-06-08T16:36:25Z,A000806,,,37.4,91.35,,,105.8,,47.61,Release-0.2.1.1,,False,False,0.0,
263,2019-06-08T16:41:29Z,A000806,,,28.9,92.0,,,107.3,,46.06,Release-0.2.1.1,,False,False,0.0,
264,2019-06-08T16:46:33Z,A000806,,,28.9,92.0,,,107.8,,43.84,Release-0.2.1.1,,False,False,0.0,
265,2019-06-08T16:51:37Z,A000806,,,53.2,92.0,,,106.5,,44.28,Release-0.2.1.1,,False,False,0.0,
266,2019-06-08T16:56:41Z,A000806,,,42.1,92.0,,,105.7,,45.4,Release-0.2.1.1,,False,False,0.0,
267,2019-06-08T17:01:42Z,A000806,,,5.9,92.0,,,104.1,,47.32,Release-0.2.1.1,-85.0,False,False,0.0,
268,2019-06-08T17:06:47Z,A000806,,,56.95,92.15,,,105.0,,47.08,Release-0.2.1.1,,False,False,0.0,
269,2019-06-08T17:11:50Z,A000806,,,59.5,93.0,,,105.0,,48.22,Release-0.2.1.1,,False,False,0.0,
270,2019-06-08T17:16:54Z,A000806,,,49.4,93.0,,,103.2,,47.47,Release-0.2.1.1,,False,False,0.0,
271,2019-06-08T17:21:58Z,A000806,,,73.3,93.0,,,101.5,,49.74,Release-0.2.1.1,,False,False,0.0,
272,2019-06-08T17:27:01Z,A000806,,,85.1,93.8,,,99.25,,52.25,Release-0.2.1.1,,False,False,0.0,
273,2019-06-08T17:32:05Z,A000806,,,54.25,94.0,,,99.87,,52.56,Release-0.2.1.1,,False,False,0.0,
274,2019-06-08T17:37:08Z,A000806,,,21.35,94.0,,,104.0,,49.31,Release-0.2.1.1,,False,False,0.0,
275,2019-06-08T17:42:12Z,A000806,,,16.85,94.0,,,106.1,,46.16,Release-0.2.1.1,,False,False,0.0,
276,2019-06-08T17:47:16Z,A000806,,,35.45,94.0,,,105.8,,44.25,Release-0.2.1.1,,False,False,0.0,
277,2019-06-08T17:52:20Z,A000806,,,64.5,94.85,,,102.8,,45.83,Release-0.2.1.1,,False,False,0.0,
278,2019-06-08T17:57:24Z,A000806,,,31.8,95.0,,,104.0,,47.47,Release-0.2.1.1,,False,False,0.0,
279,2019-06-08T18:02:30Z,A000806,,,7.9,95.0,,,103.8,,46.72,Release-0.2.1.1,-87.0,False,False,0.0,
280,2019-06-08T18:07:33Z,A000806,,,29.95,95.0,,,104.2,,47.4,Release-0.2.1.1,,False,False,0.0,
281,2019-06-08T18:12:37Z,A000806,,,87.55,95.15,,,100.6,,48.52,Release-0.2.1.1,,False,False,0.0,
282,2019-06-08T18:17:40Z,A000806,,,103.2,96.0,,,98.38,,53.23,Release-0.2.1.1,,False,False,0.0,
283,2019-06-08T18:22:44Z,A000806,,,96.55,96.1,,,96.53,,56.62,Release-0.2.1.1,,False,False,0.0,
284,2019-06-08T18:27:46Z,A000806,,,90.3,97.0,,,97.77,,57.17,Release-0.2.1.1,,False,False,0.0,
285,2019-06-08T18:32:50Z,A000806,,,94.1,97.0,,,96.86,,56.95,Release-0.2.1.1,,False,False,0.0,
286,2019-06-08T18:37:53Z,A000806,,,84.0,97.9,,,97.29,,57.35,Release-0.2.1.1,,False,False,0.0,
287,2019-06-08T18:42:56Z,A000806,,,19.7,98.0,,,100.4,,55.18,Release-0.2.1.1,,False,False,0.0,
288,2019-06-08T18:48:00Z,A000806,,,-5.0,98.0,,,100.6,,50.87,Release-0.2.1.1,,False,False,0.0,
289,2019-06-08T18:53:03Z,A000806,,,-5.0,98.0,,,100.6,,49.54,Release-0.2.1.1,,False,False,0.0,
290,2019-06-08T18:58:07Z,A000806,,,-5.0,99.6,,,105.3,,45.88,Release-0.2.1.1,,False,False,0.0,
291,2019-06-08T19:03:10Z,A000806,,,-35.85,100.0,,,100.6,,48.76,Release-0.2.1.1,-87.0,False,False,0.0,
292,2019-06-08T19:08:14Z,A000806,,,-5.0,100.0,,,104.0,,49.81,Release-0.2.1.1,,False,False,0.0,
293,2019-06-08T19:13:17Z,A000806,,,-5.0,100.0,,,103.1,,48.54,Release-0.2.1.1,,False,False,0.0,
294,2019-06-08T19:18:21Z,A000806,,,-5.05,100.0,,,101.1,,50.56,Release-0.2.1.1,,False,False,0.0,
295,2019-06-08T19:23:24Z,A000806,,,-5.0,100.0,,,102.1,,51.1,Release-0.2.1.1,,False,False,0.0,
296,2019-06-08T19:28:28Z,A000806,,,-5.0,100.0,,,103.2,,49.31,Release-0.2.1.1,,False,False,0.0,
297,2019-06-08T19:33:31Z,A000806,,,-5.0,100.0,,,103.3,,50.08,Release-0.2.1.1,,False,False,0.0,
298,2019-06-08T19:38:35Z,A000806,,,-5.05,100.0,,,102.0,,50.72,Release-0.2.1.1,,False,False,0.0,
299,2019-06-08T19:43:38Z,A000806,,,-5.05,100.0,,,101.5,,50.84,Release-0.2.1.1,,False,False,0.0,
300,2019-06-08T19:48:42Z,A000806,,,-5.0,100.0,,,100.6,,51.36,Release-0.2.1.1,,False,False,0.0,
301,2019-06-08T19:53:45Z,A000806,,,-5.1,100.0,,,99.71,,51.61,Release-0.2.1.1,,False,False,0.0,
302,2019-06-08T19:58:49Z,A000806,,,-5.15,99.1,,,99.77,,51.91,Release-0.2.1.1,,False,False,0.0,
303,2019-06-08T20:03:52Z,A000806,40.4004,-74.6832,-51.55,99.0,,,101.1,-6.0,51.58,Release-0.2.1.1,-85.0,False,False,0.0,
304,2019-06-08T20:08:56Z,A000806,,,-5.1,99.0,,,103.5,,50.15,Release-0.2.1.1,,False,False,0.0,
305,2019-06-08T20:14:00Z,A000806,,,-5.0,99.0,,,104.5,,49.12,Release-0.2.1.1,,False,False,0.0,
306,2019-06-08T20:19:03Z,A000806,,,-5.0,99.0,,,103.9,,48.56,Release-0.2.1.1,,False,False,0.0,
307,2019-06-08T20:24:07Z,A000806,,,-5.0,99.0,,,104.6,,47.91,Release-0.2.1.1,,False,False,0.0,
308,2019-06-08T20:29:11Z,A000806,,,-5.0,99.0,,,105.2,,48.09,Release-0.2.1.1,,False,False,0.0,
309,2019-06-08T20:34:15Z,A000806,,,-5.0,99.0,,,104.4,,48.77,Release-0.2.1.1,,False,False,0.0,
310,2019-06-08T20:39:18Z,A000806,,,-5.0,99.0,,,103.7,,49.18,Release-0.2.1.1,,False,False,0.0,
311,2019-06-08T20:44:22Z,A000806,,,-5.0,99.0,,,104.1,,48.97,Release-0.2.1.1,,False,False,0.0,
312,2019-06-08T20:49:26Z,A000806,,,-5.0,99.0,,,107.8,,47.15,Release-0.2.1.1,,False,False,0.0,
313,2019-06-08T20:54:30Z,A000806,,,-5.0,99.0,,,107.4,,45.28,Release-0.2.1.1,,False,False,0.0,
314,2019-06-08T20:59:34Z,A000806,,,-5.0,99.0,,,107.1,,45.44,Release-0.2.1.1,,False,False,0.0,
315,2019-06-08T21:04:38Z,A000806,,,-47.5,99.0,,,109.7,,44.72,Release-0.2.1.1,-85.0,False,False,0.0,
316,2019-06-08T21:09:42Z,A000806,,,-5.0,99.0,,,110.8,,43.76,Release-0.2.1.1,,False,False,0.0,
317,2019-06-08T21:14:46Z,A000806,,,-5.0,98.4,,,111.6,,42.42,Release-0.2.1.1,,False,False,0.0,
318,2019-06-08T21:19:50Z,A000806,,,-4.5,98.0,,,115.1,,40.23,Release-0.2.1.1,,False,False,0.0,
319,2019-06-08T21:24:54Z,A000806,,,-5.0,98.0,,,117.7,,36.97,Release-0.2.1.1,,False,False,0.0,
320,2019-06-08T21:29:59Z,A000806,,,-5.0,98.0,,,120.8,,33.83,Release-0.2.1.1,,False,False,0.0,
321,2019-06-08T21:35:04Z,A000806,,,-4.5,98.0,,,123.2,,31.56,Release-0.2.1.1,,False,False,0.0,
322,2019-06-08T21:40:09Z,A000806,,,-4.5,98.0,,,119.7,,32.42,Release-0.2.1.1,,False,False,0.0,
323,2019-06-08T21:45:13Z,A000806,,,-4.75,98.0,,,118.8,,33.83,Release-0.2.1.1,,False,False,0.0,
324,2019-06-08T21:50:18Z,A000806,,,-5.0,98.0,,,116.1,,36.31,Release-0.2.1.1,,False,False,0.0,
325,2019-06-08T21:55:22Z,A000806,,,-5.0,98.0,,,115.8,,37.31,Release-0.2.1.1,,False,False,0.0,
326,2019-06-08T22:00:27Z,A000806,,,-5.0,98.0,,,114.8,,37.8,Release-0.2.1.1,,False,False,0.0,
327,2019-06-08T22:05:31Z,A000806,,,-42.15,98.0,,,114.5,,38.31,Release-0.2.1.1,-87.0,False,False,0.0,
328,2019-06-08T22:10:36Z,A000806,,,-5.0,98.0,,,115.8,,37.59,Release-0.2.1.1,,False,False,0.0,
329,2019-06-08T22:15:40Z,A000806,,,-5.0,98.0,,,119.1,,34.89,Release-0.2.1.1,,False,False,0.0,
330,2019-06-08T22:20:45Z,A000806,,,-5.0,98.0,,,119.7,,33.25,Release-0.2.1.1,,False,False,0.0,
331,2019-06-08T22:25:50Z,A000806,,,-5.0,98.0,,,118.8,,33.07,Release-0.2.1.1,,False,False,0.0,
332,2019-06-08T22:30:55Z,A000806,,,-4.5,98.0,,,119.7,,33.39,Release-0.2.1.1,,False,False,0.0,
333,2019-06-08T22:35:59Z,A000806,,,-5.0,98.0,,,121.3,,33.76,Release-0.2.1.1,,False,False,0.0,
334,2019-06-08T22:41:04Z,A000806,,,-5.0,98.0,,,120.5,,34.25,Release-0.2.1.1,,False,False,0.0,
335,2019-06-08T22:46:09Z,A000806,,,-4.75,98.0,,,122.2,,33.42,Release-0.2.1.1,,False,False,0.0,
336,2019-06-08T22:51:14Z,A000806,,,-4.0,98.0,,,122.6,,31.6,Release-0.2.1.1,,False,False,0.0,
337,2019-06-08T22:56:19Z,A000806,,,-4.5,98.0,,,124.5,,30.67,Release-0.2.1.1,,False,False,0.0,
338,2019-06-08T23:01:24Z,A000806,,,-6.65,98.0,,,128.1,,29.23,Release-0.2.1.1,,False,False,0.0,
339,2019-06-08T23:06:29Z,A000806,,,-48.95,97.55,,,128.4,,27.66,Release-0.2.1.1,-87.0,False,False,0.0,
340,2019-06-08T23:11:35Z,A000806,,,-3.75,97.0,,,129.4,,26.05,Release-0.2.1.1,,False,False,0.0,
341,2019-06-08T23:16:41Z,A000806,,,-3.0,97.0,,,130.0,,24.56,Release-0.2.1.1,,False,False,0.0,
342,2019-06-08T23:21:47Z,A000806,,,-2.5,97.0,,,131.5,,23.41,Release-0.2.1.1,,False,False,0.0,
343,2019-06-08T23:26:52Z,A000806,,,-1.75,97.0,,,133.4,,22.63,Release-0.2.1.1,,False,False,0.0,
344,2019-06-08T23:31:58Z,A000806,,,-1.75,97.0,,,135.2,,22.09,Release-0.2.1.1,,False,False,0.0,
345,2019-06-08T23:37:04Z,A000806,,,-3.25,97.0,,,135.6,,21.67,Release-0.2.1.1,,False,False,0.0,
346,2019-06-08T23:42:10Z,A000806,,,-1.5,97.0,,,134.7,,21.3,Release-0.2.1.1,,False,False,0.0,
347,2019-06-08T23:47:16Z,A000806,,,-2.25,97.0,,,136.7,,20.85,Release-0.2.1.1,,False,False,0.0,
348,2019-06-08T23:52:22Z,A000806,,,-3.75,97.0,,,137.6,,20.44,Release-0.2.1.1,,False,False,0.0,
349,2019-06-08T23:57:28Z,A000806,,,-4.25,97.0,,,136.7,,19.93,Release-0.2.1.1,,False,False,0.0,
350,2019-06-09T00:02:34Z,A000806,,,-4.0,97.0,,,138.5,,19.41,Release-0.2.1.1,,False,False,0.0,
351,2019-06-09T00:07:41Z,A000806,,,-44.1,97.0,,,139.3,,19.15,Release-0.2.1.1,-89.0,False,False,0.0,
352,2019-06-09T00:12:47Z,A000806,,,-4.25,97.0,,,141.3,,19.01,Release-0.2.1.1,,False,False,0.0,
353,2019-06-09T00:17:53Z,A000806,,,-3.75,97.0,,,141.2,,18.47,Release-0.2.1.1,,False,False,0.0,
354,2019-06-09T00:23:00Z,A000806,,,-4.25,97.0,,,139.8,,17.87,Release-0.2.1.1,,False,False,0.0,
355,2019-06-09T00:28:06Z,A000806,,,-4.25,97.0,,,142.4,,17.4,Release-0.2.1.1,,False,False,0.0,
356,2019-06-09T00:33:12Z,A000806,,,-4.5,97.0,,,141.5,,17.09,Release-0.2.1.1,,False,False,0.0,
357,2019-06-09T00:38:19Z,A000806,,,-3.5,97.0,,,142.7,,16.66,Release-0.2.1.1,,False,False,0.0,
358,2019-06-09T00:43:25Z,A000806,,,-4.0,97.0,,,144.7,,16.22,Release-0.2.1.1,,False,False,0.0,
359,2019-06-09T00:48:32Z,A000806,,,-4.0,97.0,,,145.0,,15.72,Release-0.2.1.1,,False,False,0.0,
360,2019-06-09T00:53:38Z,A000806,,,-4.5,96.7,,,144.6,,15.2,Release-0.2.1.1,,False,False,0.0,
361,2019-06-09T00:58:45Z,A000806,,,-3.25,96.0,,,145.8,,14.76,Release-0.2.1.1,,False,False,0.0,
362,2019-06-09T01:03:52Z,A000806,,,-3.25,96.0,,,146.2,,14.28,Release-0.2.1.1,,False,False,0.0,
363,2019-06-09T01:08:58Z,A000806,,,-41.0,96.0,,,147.0,,14.0,Release-0.2.1.1,-85.0,False,False,0.0,
364,2019-06-09T01:14:05Z,A000806,,,-2.5,96.0,,,147.5,,13.76,Release-0.2.1.1,,False,False,0.0,
365,2019-06-09T01:19:12Z,A000806,,,-3.75,96.0,,,148.6,,13.29,Release-0.2.1.1,,False,False,0.0,
366,2019-06-09T01:24:18Z,A000806,,,-3.0,96.0,,,148.6,,12.94,Release-0.2.1.1,,False,False,0.0,
367,2019-06-09T01:29:25Z,A000806,,,-3.25,96.0,,,148.6,,12.61,Release-0.2.1.1,,False,False,0.0,
368,2019-06-09T01:34:32Z,A000806,,,-3.25,96.0,,,149.1,,12.33,Release-0.2.1.1,,False,False,0.0,
369,2019-06-09T01:39:39Z,A000806,,,-3.75,96.0,,,150.0,,12.14,Release-0.2.1.1,,False,False,0.0,
370,2019-06-09T01:44:46Z,A000806,,,-3.0,96.0,,,149.7,,11.97,Release-0.2.1.1,,False,False,0.0,
371,2019-06-09T01:49:53Z,A000806,,,-3.25,96.0,,,150.6,,11.79,Release-0.2.1.1,,False,False,0.0,
372,2019-06-09T01:55:00Z,A000806,,,-3.0,96.0,,,150.1,,11.59,Release-0.2.1.1,,False,False,0.0,
373,2019-06-09T02:00:07Z,A000806,,,-3.0,96.0,,,151.1,,11.42,Release-0.2.1.1,,False,False,0.0,
374,2019-06-09T02:05:14Z,A000806,,,-2.5,96.0,,,149.1,,11.26,Release-0.2.1.1,,False,False,0.0,
375,2019-06-09T02:10:21Z,A000806,,,-42.7,96.0,,,149.3,,11.27,Release-0.2.1.1,-87.0,False,False,0.0,
376,2019-06-09T02:15:28Z,A000806,,,-2.5,96.0,,,149.9,,11.23,Release-0.2.1.1,,False,False,0.0,
377,2019-06-09T02:20:36Z,A000806,,,-2.5,96.0,,,150.1,,10.99,Release-0.2.1.1,,False,False,0.0,
378,2019-06-09T02:25:43Z,A000806,,,-2.5,96.0,,,150.1,,10.85,Release-0.2.1.1,,False,False,0.0,
379,2019-06-09T02:30:50Z,A000806,,,-3.25,96.0,,,150.7,,10.8,Release-0.2.1.1,,False,False,0.0,
380,2019-06-09T02:35:57Z,A000806,,,-2.25,96.0,,,151.1,,10.69,Release-0.2.1.1,,False,False,0.0,
381,2019-06-09T02:41:04Z,A000806,,,-2.0,96.0,,,152.2,,10.57,Release-0.2.1.1,,False,False,0.0,
382,2019-06-09T02:46:11Z,A000806,,,-2.75,96.0,,,151.3,,10.44,Release-0.2.1.1,,False,False,0.0,
383,2019-06-09T02:51:18Z,A000806,,,-2.25,95.35,,,152.1,,10.38,Release-0.2.1.1,,False,False,0.0,
384,2019-06-09T02:56:25Z,A000806,,,-3.0,95.0,,,152.6,,10.22,Release-0.2.1.1,,False,False,0.0,
385,2019-06-09T03:01:33Z,A000806,,,-2.25,95.0,,,152.9,,10.11,Release-0.2.1.1,,False,False,0.0,
386,2019-06-09T03:06:40Z,A000806,,,-2.75,95.0,,,151.5,,9.98,Release-0.2.1.1,,False,False,0.0,
387,2019-06-09T03:11:47Z,A000806,,,-41.55,95.0,,,152.0,,10.06,Release-0.2.1.1,-85.0,False,False,0.0,
388,2019-06-09T03:16:54Z,A000806,,,-2.25,95.0,,,152.6,,10.11,Release-0.2.1.1,,False,False,0.0,
389,2019-06-09T03:22:01Z,A000806,,,-2.0,95.0,,,152.8,,9.915,Release-0.2.1.1,,False,False,0.0,
390,2019-06-09T03:27:09Z,A000806,,,-2.5,95.0,,,150.5,,9.745,Release-0.2.1.1,,False,False,0.0,
391,2019-06-09T03:32:16Z,A000806,,,-2.5,95.0,,,152.2,,9.635,Release-0.2.1.1,,False,False,0.0,
392,2019-06-09T03:37:23Z,A000806,,,-2.0,95.0,,,153.1,,9.56,Release-0.2.1.1,,False,False,0.0,
393,2019-06-09T03:42:30Z,A000806,,,-1.75,95.0,,,152.0,,9.505,Release-0.2.1.1,,False,False,0.0,
394,2019-06-09T03:47:38Z,A000806,,,-2.5,95.0,,,150.9,,9.43,Release-0.2.1.1,,False,False,0.0,
395,2019-06-09T03:52:45Z,A000806,,,-2.25,95.0,,,152.9,,9.37,Release-0.2.1.1,,False,False,0.0,
396,2019-06-09T03:57:53Z,A000806,,,-1.5,95.0,,,152.4,,9.285,Release-0.2.1.1,,False,False,0.0,
397,2019-06-09T04:03:00Z,A000806,,,-2.0,95.0,,,153.0,,9.195,Release-0.2.1.1,,False,False,0.0,
398,2019-06-09T04:08:08Z,A000806,,,-2.0,95.0,,,152.5,,9.055,Release-0.2.1.1,,False,False,0.0,
399,2019-06-09T04:13:15Z,A000806,,,-40.2,95.0,,,152.5,,9.15,Release-0.2.1.1,-87.0,False,False,0.0,
400,2019-06-09T04:18:23Z,A000806,,,-1.5,95.0,,,153.2,,9.155,Release-0.2.1.1,,False,False,0.0,
401,2019-06-09T04:23:30Z,A000806,,,-1.75,95.0,,,153.5,,8.925,Release-0.2.1.1,,False,False,0.0,
402,2019-06-09T04:28:38Z,A000806,,,-1.75,95.0,,,153.8,,8.8,Release-0.2.1.1,,False,False,0.0,
403,2019-06-09T04:33:45Z,A000806,,,-2.0,95.0,,,152.6,,8.75,Release-0.2.1.1,,False,False,0.0,
404,2019-06-09T04:38:53Z,A000806,,,-2.25,95.0,,,153.6,,8.76,Release-0.2.1.1,,False,False,0.0,
405,2019-06-09T04:44:00Z,A000806,,,-2.5,95.0,,,153.8,,8.725,Release-0.2.1.1,,False,False,0.0,
406,2019-06-09T04:49:08Z,A000806,,,-2.0,94.75,,,153.7,,8.61,Release-0.2.1.1,,False,False,0.0,
407,2019-06-09T04:54:15Z,A000806,,,-1.75,94.0,,,152.3,,8.495,Release-0.2.1.1,,False,False,0.0,
408,2019-06-09T04:59:22Z,A000806,,,-1.5,94.0,,,154.0,,8.42,Release-0.2.1.1,,False,False,0.0,
409,2019-06-09T05:04:30Z,A000806,,,-2.25,94.0,,,152.9,,8.3,Release-0.2.1.1,,False,False,0.0,
410,2019-06-09T05:09:37Z,A000806,,,-2.0,94.0,,,153.3,,8.245,Release-0.2.1.1,,False,False,0.0,
411,2019-06-09T05:14:44Z,A000806,,,-40.0,94.0,,,153.7,,8.405,Release-0.2.1.1,-85.0,False,False,0.0,
412,2019-06-09T05:19:52Z,A000806,,,-2.5,94.0,,,153.0,,8.455,Release-0.2.1.1,,False,False,0.0,
413,2019-06-09T05:24:59Z,A000806,,,-2.0,94.0,,,154.6,,8.28,Release-0.2.1.1,,False,False,0.0,
414,2019-06-09T05:30:07Z,A000806,,,-2.5,94.0,,,153.1,,8.155,Release-0.2.1.1,,False,False,0.0,
415,2019-06-09T05:35:14Z,A000806,,,-2.0,94.0,,,153.4,,8.15,Release-0.2.1.1,,False,False,0.0,
416,2019-06-09T05:40:22Z,A000806,,,-1.25,94.0,,,153.4,,8.105,Release-0.2.1.1,,False,False,0.0,
417,2019-06-09T05:45:29Z,A000806,,,-2.0,94.0,,,153.6,,7.955,Release-0.2.1.1,,False,False,0.0,
418,2019-06-09T05:50:37Z,A000806,,,-2.5,94.0,,,153.2,,7.95,Release-0.2.1.1,,False,False,0.0,
419,2019-06-09T05:55:44Z,A000806,,,-1.5,94.0,,,153.8,,7.95,Release-0.2.1.1,,False,False,0.0,
420,2019-06-09T06:00:52Z,A000806,,,-1.5,94.0,,,153.2,,7.95,Release-0.2.1.1,,False,False,0.0,
421,2019-06-09T06:05:59Z,A000806,,,-1.75,94.0,,,154.8,,7.92,Release-0.2.1.1,,False,False,0.0,
422,2019-06-09T06:11:07Z,A000806,,,-1.5,94.0,,,154.5,,7.85,Release-0.2.1.1,,False,False,0.0,
423,2019-06-09T06:16:14Z,A000806,,,-40.6,94.0,,,153.8,,7.94,Release-0.2.1.1,-87.0,False,False,0.0,
424,2019-06-09T06:21:22Z,A000806,,,-1.75,94.0,,,153.5,,7.95,Release-0.2.1.1,,False,False,0.0,
425,2019-06-09T06:26:29Z,A000806,,,-1.25,94.0,,,155.1,,7.815,Release-0.2.1.1,,False,False,0.0,
426,2019-06-09T06:31:37Z,A000806,,,-1.5,94.0,,,153.7,,7.83,Release-0.2.1.1,,False,False,0.0,
427,2019-06-09T06:36:44Z,A000806,,,-1.75,94.0,,,154.2,,7.845,Release-0.2.1.1,,False,False,0.0,
428,2019-06-09T06:41:52Z,A000806,,,-2.25,94.0,,,154.7,,7.825,Release-0.2.1.1,,False,False,0.0,
429,2019-06-09T06:46:59Z,A000806,,,-1.5,94.0,,,153.7,,7.845,Release-0.2.1.1,,False,False,0.0,
430,2019-06-09T06:52:07Z,A000806,,,-1.75,93.2,,,153.4,,7.74,Release-0.2.1.1,,False,False,0.0,
431,2019-06-09T06:57:14Z,A000806,,,-1.25,93.0,,,155.3,,7.68,Release-0.2.1.1,,False,False,0.0,
432,2019-06-09T07:02:22Z,A000806,,,-1.25,93.0,,,154.9,,7.635,Release-0.2.1.1,,False,False,0.0,
433,2019-06-09T07:07:30Z,A000806,,,-1.25,93.0,,,153.2,,7.59,Release-0.2.1.1,,False,False,0.0,
434,2019-06-09T07:12:38Z,A000806,,,-1.25,93.0,,,153.6,,7.55,Release-0.2.1.1,,False,False,0.0,
435,2019-06-09T07:17:45Z,A000806,,,-41.8,93.0,,,152.9,,7.625,Release-0.2.1.1,-87.0,False,False,0.0,
436,2019-06-09T07:22:52Z,A000806,,,-1.75,93.0,,,154.7,,7.7,Release-0.2.1.1,,False,False,0.0,
437,2019-06-09T07:28:00Z,A000806,,,-2.0,93.0,,,153.9,,7.55,Release-0.2.1.1,,False,False,0.0,
438,2019-06-09T07:33:08Z,A000806,,,-1.75,93.0,,,154.6,,7.46,Release-0.2.1.1,,False,False,0.0,
439,2019-06-09T07:38:15Z,A000806,,,-1.75,93.0,,,155.0,,7.435,Release-0.2.1.1,,False,False,0.0,
440,2019-06-09T07:43:23Z,A000806,,,-2.5,93.0,,,152.2,,7.365,Release-0.2.1.1,,False,False,0.0,
441,2019-06-09T07:48:30Z,A000806,,,-2.0,93.0,,,153.8,,7.35,Release-0.2.1.1,,False,False,0.0,
442,2019-06-09T07:53:38Z,A000806,,,-2.5,93.0,,,153.5,,7.35,Release-0.2.1.1,,False,False,0.0,
443,2019-06-09T07:58:45Z,A000806,,,-1.75,93.0,,,152.7,,7.34,Release-0.2.1.1,,False,False,0.0,
444,2019-06-09T08:03:53Z,A000806,,,-2.0,93.0,,,154.0,,7.225,Release-0.2.1.1,,False,False,0.0,
445,2019-06-09T08:09:00Z,A000806,,,-1.25,93.0,,,153.1,,7.11,Release-0.2.1.1,,False,False,0.0,
446,2019-06-09T08:14:08Z,A000806,,,-1.0,93.0,,,153.5,,7.005,Release-0.2.1.1,,False,False,0.0,
447,2019-06-09T08:19:15Z,A000806,40.4004,-74.6832,-67.6,92.65,,,152.8,-6.0,7.125,Release-0.2.1.1,-87.0,False,False,0.0,
448,2019-06-09T08:24:23Z,A000806,,,-2.25,92.0,,,153.4,,7.24,Release-0.2.1.1,,False,False,0.0,
449,2019-06-09T08:29:30Z,A000806,,,-1.5,92.0,,,155.5,,7.06,Release-0.2.1.1,,False,False,0.0,
450,2019-06-09T08:34:38Z,A000806,,,-3.15,92.0,,,153.0,,6.95,Release-0.2.1.1,,False,False,0.0,
451,2019-06-09T08:39:45Z,A000806,,,-2.0,92.0,,,154.6,,6.85,Release-0.2.1.1,,False,False,0.0,
452,2019-06-09T08:44:53Z,A000806,,,-2.0,92.0,,,155.1,,6.785,Release-0.2.1.1,,False,False,0.0,
453,2019-06-09T08:50:00Z,A000806,,,-1.25,92.0,,,154.8,,6.71,Release-0.2.1.1,,False,False,0.0,
454,2019-06-09T08:55:08Z,A000806,,,-1.25,92.0,,,155.6,,6.65,Release-0.2.1.1,,False,False,0.0,
455,2019-06-09T09:00:15Z,A000806,,,-1.75,92.0,,,154.8,,6.555,Release-0.2.1.1,,False,False,0.0,
456,2019-06-09T09:05:23Z,A000806,,,-1.25,92.0,,,155.1,,6.475,Release-0.2.1.1,,False,False,0.0,
457,2019-06-09T09:10:30Z,A000806,,,-2.0,92.0,,,155.2,,6.385,Release-0.2.1.1,,False,False,0.0,
458,2019-06-09T09:15:38Z,A000806,,,-0.5,92.0,,,155.6,,6.305,Release-0.2.1.1,,False,False,0.0,
459,2019-06-09T09:20:45Z,A000806,,,-40.7,92.0,,,154.9,,6.37,Release-0.2.1.1,-87.0,False,False,0.0,
460,2019-06-09T09:25:53Z,A000806,,,-1.75,92.0,,,154.0,,6.495,Release-0.2.1.1,,False,False,0.0,
461,2019-06-09T09:31:01Z,A000806,,,-1.25,92.0,,,155.9,,6.42,Release-0.2.1.1,,False,False,0.0,
462,2019-06-09T09:36:08Z,A000806,,,-0.5,92.0,,,155.4,,6.36,Release-0.2.1.1,,False,False,0.0,
463,2019-06-09T09:41:16Z,A000806,,,-0.75,92.0,,,154.5,,6.36,Release-0.2.1.1,,False,False,0.0,
464,2019-06-09T09:46:23Z,A000806,,,-1.25,92.0,,,155.3,,6.43,Release-0.2.1.1,,False,False,0.0,
465,2019-06-09T09:51:31Z,A000806,,,-1.5,92.0,,,154.6,,6.535,Release-0.2.1.1,,False,False,0.0,
466,2019-06-09T09:56:38Z,A000806,,,-1.75,92.0,,,155.9,,6.63,Release-0.2.1.1,,False,False,0.0,
467,2019-06-09T10:01:45Z,A000806,,,-1.5,92.0,,,155.9,,6.8,Release-0.2.1.1,,False,False,0.0,
468,2019-06-09T10:06:52Z,A000806,,,-1.25,92.0,,,154.7,,6.975,Release-0.2.1.1,,False,False,0.0,
469,2019-06-09T10:12:00Z,A000806,,,-1.75,92.0,,,155.0,,7.18,Release-0.2.1.1,,False,False,0.0,
470,2019-06-09T10:17:07Z,A000806,,,-2.0,92.0,,,153.2,,7.415,Release-0.2.1.1,,False,False,0.0,
471,2019-06-09T10:22:15Z,A000806,,,-38.95,91.55,,,152.2,,7.785,Release-0.2.1.1,-87.0,False,False,0.0,
472,2019-06-09T10:27:22Z,A000806,,,-2.0,91.0,,,152.9,,8.2,Release-0.2.1.1,,False,False,0.0,
473,2019-06-09T10:32:29Z,A000806,,,-2.25,91.0,,,152.9,,8.415,Release-0.2.1.1,,False,False,0.0,
474,2019-06-09T10:37:36Z,A000806,,,-2.25,91.0,,,151.1,,8.67,Release-0.2.1.1,,False,False,0.0,
475,2019-06-09T10:42:43Z,A000806,,,-2.75,91.0,,,150.5,,9.005,Release-0.2.1.1,,False,False,0.0,
476,2019-06-09T10:47:50Z,A000806,,,-2.25,91.0,,,151.9,,9.32,Release-0.2.1.1,,False,False,0.0,
477,2019-06-09T10:52:57Z,A000806,,,-2.75,91.0,,,150.4,,9.73,Release-0.2.1.1,,False,False,0.0,
478,2019-06-09T10:58:04Z,A000806,,,-4.0,91.0,,,149.7,,10.3,Release-0.2.1.1,,False,False,0.0,
479,2019-06-09T11:03:11Z,A000806,,,-6.7,91.0,,,146.8,,11.51,Release-0.2.1.1,,False,False,0.0,
480,2019-06-09T11:08:17Z,A000806,,,-9.2,91.9,,,143.0,,13.59,Release-0.2.1.1,,False,False,0.0,
481,2019-06-09T11:13:23Z,A000806,,,-9.85,92.0,,,138.4,,15.77,Release-0.2.1.1,,False,False,0.0,
482,2019-06-09T11:18:29Z,A000806,,,-11.1,92.0,,,136.6,,17.76,Release-0.2.1.1,,False,False,0.0,
483,2019-06-09T11:23:34Z,A000806,,,-48.55,91.55,,,133.4,,19.53,Release-0.2.1.1,-87.0,False,False,0.0,
484,2019-06-09T11:28:39Z,A000806,,,-11.1,91.0,,,131.6,,20.79,Release-0.2.1.1,,False,False,0.0,
485,2019-06-09T11:33:45Z,A000806,,,-10.3,91.0,,,131.6,,21.16,Release-0.2.1.1,,False,False,0.0,
486,2019-06-09T11:38:50Z,A000806,,,-10.3,91.0,,,130.6,,21.63,Release-0.2.1.1,,False,False,0.0,
487,2019-06-09T11:43:56Z,A000806,,,-8.9,91.0,,,125.6,,22.86,Release-0.2.1.1,,False,False,0.0,
488,2019-06-09T11:49:01Z,A000806,,,-8.1,91.0,,,126.1,,24.16,Release-0.2.1.1,,False,False,0.0,
489,2019-06-09T11:54:06Z,A000806,,,-7.5,91.0,,,123.5,,25.59,Release-0.2.1.1,,False,False,0.0,
490,2019-06-09T11:59:11Z,A000806,,,-6.75,91.0,,,123.1,,26.8,Release-0.2.1.1,,False,False,0.0,
491,2019-06-09T12:04:16Z,A000806,,,-7.7,91.0,,,121.6,,27.55,Release-0.2.1.1,,False,False,0.0,
492,2019-06-09T12:09:21Z,A000806,,,-1.05,91.0,,,121.2,,27.79,Release-0.2.1.1,,False,False,0.0,
493,2019-06-09T12:14:26Z,A000806,,,0.0,91.0,,,119.1,,28.94,Release-0.2.1.1,,False,False,0.0,
494,2019-06-09T12:19:31Z,A000806,,,0.0,91.0,,,117.2,,30.76,Release-0.2.1.1,,False,False,0.0,
495,2019-06-09T12:24:36Z,A000806,,,-39.25,90.6,,,116.7,,31.57,Release-0.2.1.1,-87.0,False,False,0.0,
496,2019-06-09T12:29:41Z,A000806,,,-3.5,90.0,,,118.0,,31.1,Release-0.2.1.1,,False,False,0.0,
497,2019-06-09T12:34:46Z,A000806,,,-6.6,90.0,,,120.8,,30.38,Release-0.2.1.1,,False,False,0.0,
498,2019-06-09T12:39:51Z,A000806,,,-6.8,90.0,,,121.1,,29.4,Release-0.2.1.1,,False,False,0.0,
499,2019-06-09T12:44:56Z,A000806,,,-0.75,90.0,,,120.2,,29.55,Release-0.2.1.1,,False,False,0.0,
500,2019-06-09T12:50:01Z,A000806,,,-0.75,90.0,,,119.1,,30.18,Release-0.2.1.1,,False,False,0.0,
501,2019-06-09T12:55:06Z,A000806,,,-0.5,90.0,,,119.4,,30.75,Release-0.2.1.1,,False,False,0.0,
502,2019-06-09T13:00:11Z,A000806,,,-1.0,90.0,,,119.2,,30.42,Release-0.2.1.1,,False,False,0.0,
503,2019-06-09T13:05:16Z,A000806,,,0.3,90.0,,,119.9,,30.88,Release-0.2.1.1,,False,False,0.0,
504,2019-06-09T13:10:21Z,A000806,,,11.5,90.0,,,117.5,,32.53,Release-0.2.1.1,,False,False,0.0,
505,2019-06-09T13:15:25Z,A000806,,,9.3,90.0,,,117.9,,34.35,Release-0.2.1.1,,False,False,0.0,
506,2019-06-09T13:20:30Z,A000806,,,0.25,90.0,,,117.1,,34.35,Release-0.2.1.1,,False,False,0.0,
507,2019-06-09T13:25:35Z,A000806,,,-37.15,90.0,,,116.3,,33.99,Release-0.2.1.1,-87.0,False,False,0.0,
508,2019-06-09T13:30:40Z,A000806,,,5.15,90.0,,,115.8,,34.02,Release-0.2.1.1,,False,False,0.0,
509,2019-06-09T13:35:45Z,A000806,,,2.2,90.0,,,117.3,,34.0,Release-0.2.1.1,,False,False,0.0,
510,2019-06-09T13:40:50Z,A000806,,,3.1,90.0,,,116.6,,33.62,Release-0.2.1.1,,False,False,0.0,
511,2019-06-09T13:45:55Z,A000806,,,3.65,90.0,,,117.5,,33.67,Release-0.2.1.1,,False,False,0.0,
512,2019-06-09T13:51:00Z,A000806,,,2.4,90.0,,,119.0,,32.84,Release-0.2.1.1,,False,False,0.0,
513,2019-06-09T13:56:05Z,A000806,,,6.75,90.0,,,119.0,,32.53,Release-0.2.1.1,,False,False,0.0,
514,2019-06-09T14:01:10Z,A000806,,,9.3,90.0,,,117.6,,33.5,Release-0.2.1.1,,False,False,0.0,
515,2019-06-09T14:06:15Z,A000806,,,-0.5,90.0,,,118.7,,32.47,Release-0.2.1.1,,False,False,0.0,
516,2019-06-09T14:11:20Z,A000806,,,0.55,90.0,,,120.8,,31.0,Release-0.2.1.1,,False,False,0.0,
517,2019-06-09T14:16:25Z,A000806,,,10.85,90.0,,,118.1,,31.75,Release-0.2.1.1,,False,False,0.0,
518,2019-06-09T14:21:30Z,A000806,,,14.95,90.8,,,115.3,,33.77,Release-0.2.1.1,,False,False,0.0,
519,2019-06-09T14:26:34Z,A000806,,,-33.0,90.5,,,114.5,,35.69,Release-0.2.1.1,-87.0,False,False,0.0,
520,2019-06-09T14:31:38Z,A000806,,,30.15,90.1,,,112.3,,37.64,Release-0.2.1.1,,False,False,0.0,
521,2019-06-09T14:36:43Z,A000806,,,61.0,91.0,,,108.5,,40.17,Release-0.2.1.1,,False,False,0.0,
522,2019-06-09T14:41:47Z,A000806,,,55.55,91.0,,,106.9,,42.15,Release-0.2.1.1,,False,False,0.0,
523,2019-06-09T14:46:51Z,A000806,,,53.3,91.0,,,107.8,,43.07,Release-0.2.1.1,,False,False,0.0,
524,2019-06-09T14:51:55Z,A000806,,,50.8,91.0,,,105.4,,43.16,Release-0.2.1.1,,False,False,0.0,
525,2019-06-09T14:56:59Z,A000806,,,50.7,92.0,,,106.4,,43.58,Release-0.2.1.1,,False,False,0.0,
526,2019-06-09T15:02:03Z,A000806,,,35.6,92.0,,,107.1,,43.38,Release-0.2.1.1,,False,False,0.0,
527,2019-06-09T15:07:08Z,A000806,,,63.2,92.0,,,104.8,,43.32,Release-0.2.1.1,,False,False,0.0,
528,2019-06-09T15:12:12Z,A000806,,,49.85,92.0,,,107.4,,45.01,Release-0.2.1.1,,False,False,0.0,
529,2019-06-09T15:17:16Z,A000806,,,43.75,92.8,,,104.0,,43.66,Release-0.2.1.1,,False,False,0.0,
530,2019-06-09T15:22:20Z,A000806,,,81.9,93.0,,,103.0,,45.41,Release-0.2.1.1,,False,False,0.0,
531,2019-06-09T15:27:24Z,A000806,,,48.15,93.0,,,99.52,,48.44,Release-0.2.1.1,-87.0,False,False,0.0,
532,2019-06-09T15:32:28Z,A000806,,,88.15,93.55,,,99.26,,50.34,Release-0.2.1.1,,False,False,0.0,
533,2019-06-09T15:37:31Z,A000806,,,90.3,94.0,,,98.95,,51.58,Release-0.2.1.1,,False,False,0.0,
534,2019-06-09T15:42:35Z,A000806,,,87.45,94.3,,,98.76,,51.87,Release-0.2.1.1,,False,False,0.0,
535,2019-06-09T15:47:38Z,A000806,,,87.5,95.0,,,97.33,,52.42,Release-0.2.1.1,,False,False,0.0,
536,2019-06-09T15:52:42Z,A000806,,,86.5,95.0,,,98.98,,53.0,Release-0.2.1.1,,False,False,0.0,
537,2019-06-09T15:57:45Z,A000806,,,76.15,95.85,,,100.6,,52.52,Release-0.2.1.1,,False,False,0.0,
538,2019-06-09T16:02:49Z,A000806,,,46.6,96.0,,,101.4,,50.68,Release-0.2.1.1,,False,False,0.0,
539,2019-06-09T16:07:53Z,A000806,,,3.1,96.0,,,107.4,,46.0,Release-0.2.1.1,,False,False,0.0,
540,2019-06-09T16:12:57Z,A000806,,,0.0,96.0,,,112.1,,40.64,Release-0.2.1.1,,False,False,0.0,
541,2019-06-09T16:18:01Z,A000806,,,27.65,96.0,,,112.3,,38.22,Release-0.2.1.1,,False,False,0.0,
542,2019-06-09T16:23:05Z,A000806,,,66.7,96.05,,,105.8,,41.97,Release-0.2.1.1,,False,False,0.0,
543,2019-06-09T16:28:09Z,A000806,,,40.15,97.0,,,102.9,,45.99,Release-0.2.1.1,-85.0,False,False,0.0,
544,2019-06-09T16:33:13Z,A000806,,,94.95,97.0,,,101.1,,49.16,Release-0.2.1.1,,False,False,0.0,
545,2019-06-09T16:38:16Z,A000806,,,103.4,97.2,,,98.65,,51.4,Release-0.2.1.1,,False,False,0.0,
546,2019-06-09T16:43:20Z,A000806,,,103.2,98.0,,,98.32,,53.06,Release-0.2.1.1,,False,False,0.0,
547,2019-06-09T16:48:23Z,A000806,,,94.55,98.2,,,97.67,,54.22,Release-0.2.1.1,,False,False,0.0,
548,2019-06-09T16:53:26Z,A000806,,,26.1,99.0,,,99.52,,53.3,Release-0.2.1.1,,False,False,0.0,
549,2019-06-09T16:58:30Z,A000806,,,-5.0,99.0,,,96.56,,51.14,Release-0.2.1.1,,False,False,0.0,
550,2019-06-09T17:03:33Z,A000806,,,-5.15,99.0,,,95.94,,53.15,Release-0.2.1.1,,False,False,0.0,
551,2019-06-09T17:08:37Z,A000806,,,-5.2,99.0,,,95.14,,54.93,Release-0.2.1.1,,False,False,0.0,
552,2019-06-09T17:13:40Z,A000806,,,-5.3,99.0,,,96.56,,54.9,Release-0.2.1.1,,False,False,0.0,
553,2019-06-09T17:18:40Z,A000806,,,-6.15,99.0,,,95.21,,54.15,Release-0.2.1.1,,False,False,0.0,
554,2019-06-09T17:23:46Z,A000806,,,-6.25,99.0,,,96.23,,53.34,Release-0.2.1.1,,False,False,0.0,
555,2019-06-09T17:28:50Z,A000806,,,12.35,98.2,,,95.99,,53.66,Release-0.2.1.1,-89.0,False,False,0.0,
556,2019-06-09T17:33:54Z,A000806,,,95.85,99.0,,,95.74,,55.01,Release-0.2.1.1,,False,False,0.0,
557,2019-06-09T17:38:57Z,A000806,,,91.35,99.25,,,97.36,,54.88,Release-0.2.1.1,,False,False,0.0,
558,2019-06-09T17:44:00Z,A000806,,,92.55,100.0,,,96.63,,54.27,Release-0.2.1.1,,False,False,0.0,
559,2019-06-09T17:49:04Z,A000806,,,90.35,100.0,,,97.71,,53.96,Release-0.2.1.1,,False,False,0.0,
560,2019-06-09T17:54:07Z,A000806,,,91.4,100.0,,,97.28,,53.42,Release-0.2.1.1,,False,False,0.0,
561,2019-06-09T17:59:11Z,A000806,,,91.35,100.0,,,97.49,,53.65,Release-0.2.1.1,,False,False,0.0,
562,2019-06-09T18:04:14Z,A000806,,,92.0,100.0,,,96.96,,54.06,Release-0.2.1.1,,False,False,0.0,
563,2019-06-09T18:09:18Z,A000806,,,90.1,100.0,,,97.99,,54.35,Release-0.2.1.1,,False,False,0.0,
564,2019-06-09T18:14:21Z,A000806,,,86.85,100.0,,,97.63,,54.12,Release-0.2.1.1,,False,False,0.0,
565,2019-06-09T18:19:24Z,A000806,,,88.3,100.0,,,96.16,,54.72,Release-0.2.1.1,,False,False,0.0,
566,2019-06-09T18:24:27Z,A000806,,,85.65,100.0,,,95.01,,55.61,Release-0.2.1.1,,False,False,0.0,
567,2019-06-09T18:29:30Z,A000806,,,-3.65,100.0,,,96.25,,55.88,Release-0.2.1.1,-87.0,False,False,0.0,
568,2019-06-09T18:34:33Z,A000806,,,-5.2,100.0,,,97.33,,53.33,Release-0.2.1.1,,False,False,0.0,
569,2019-06-09T18:39:37Z,A000806,,,-5.0,100.0,,,96.65,,52.58,Release-0.2.1.1,,False,False,0.0,
570,2019-06-09T18:44:40Z,A000806,,,24.55,100.0,,,97.97,,52.56,Release-0.2.1.1,,False,False,0.0,
571,2019-06-09T18:49:44Z,A000806,,,-5.0,100.0,,,98.56,,52.24,Release-0.2.1.1,,False,False,0.0,
572,2019-06-09T18:54:47Z,A000806,,,-5.1,100.0,,,98.75,,52.01,Release-0.2.1.1,,False,False,0.0,
573,2019-06-09T18:59:51Z,A000806,,,-5.0,100.0,,,97.8,,51.95,Release-0.2.1.1,,False,False,0.0,
574,2019-06-09T19:04:54Z,A000806,,,-6.1,100.0,,,97.52,,51.78,Release-0.2.1.1,,False,False,0.0,
575,2019-06-09T19:09:58Z,A000806,,,-5.0,100.0,,,98.56,,51.48,Release-0.2.1.1,,False,False,0.0,
576,2019-06-09T19:15:02Z,A000806,,,-5.05,100.0,,,98.66,,52.04,Release-0.2.1.1,,False,False,0.0,
577,2019-06-09T19:20:05Z,A000806,,,-5.05,100.0,,,97.85,,51.87,Release-0.2.1.1,,False,False,0.0,
578,2019-06-09T19:25:09Z,A000806,,,-5.05,100.0,,,99.8,,51.85,Release-0.2.1.1,,False,False,0.0,
579,2019-06-09T19:30:13Z,A000806,,,-23.65,100.0,,,96.88,,51.44,Release-0.2.1.1,-87.0,False,False,0.0,
580,2019-06-09T19:35:16Z,A000806,,,-5.05,100.0,,,98.84,,50.98,Release-0.2.1.1,,False,False,0.0,
581,2019-06-09T19:40:19Z,A000806,,,-5.0,100.0,,,99.12,,50.45,Release-0.2.1.1,,False,False,0.0,
582,2019-06-09T19:45:23Z,A000806,,,-5.0,100.0,,,101.0,,49.96,Release-0.2.1.1,,False,False,0.0,
583,2019-06-09T19:50:27Z,A000806,,,-5.0,100.0,,,100.5,,49.17,Release-0.2.1.1,,False,False,0.0,
584,2019-06-09T19:55:30Z,A000806,,,-5.0,100.0,,,101.8,,48.76,Release-0.2.1.1,,False,False,0.0,
585,2019-06-09T20:00:34Z,A000806,,,-5.0,100.0,,,103.1,,47.76,Release-0.2.1.1,,False,False,0.0,
586,2019-06-09T20:05:38Z,A000806,,,-5.0,100.0,,,102.5,,48.03,Release-0.2.1.1,,False,False,0.0,
587,2019-06-09T20:10:41Z,A000806,,,-5.0,100.0,,,102.8,,47.89,Release-0.2.1.1,,False,False,0.0,
588,2019-06-09T20:15:45Z,A000806,,,-5.0,100.0,,,102.4,,46.83,Release-0.2.1.1,,False,False,0.0,
589,2019-06-09T20:20:49Z,A000806,,,-5.0,100.0,,,104.3,,45.74,Release-0.2.1.1,,False,False,0.0,
590,2019-06-09T20:25:53Z,A000806,,,-5.0,100.0,,,104.7,,45.0,Release-0.2.1.1,,False,False,0.0,
591,2019-06-09T20:30:56Z,A000806,40.4002,-74.6832,-61.6,100.0,,,104.4,11.0,45.59,Release-0.2.1.1,-85.0,False,False,0.0,
592,2019-06-09T20:36:00Z,A000806,,,-5.0,100.0,,,105.1,,45.89,Release-0.2.1.1,,False,False,0.0,
593,2019-06-09T20:41:03Z,A000806,,,-5.0,100.0,,,106.0,,44.97,Release-0.2.1.1,,False,False,0.0,
594,2019-06-09T20:46:07Z,A000806,,,-5.0,100.0,,,106.4,,44.68,Release-0.2.1.1,,False,False,0.0,
595,2019-06-09T20:51:11Z,A000806,,,-5.0,100.0,,,108.0,,43.75,Release-0.2.1.1,,False,False,0.0,
596,2019-06-09T20:56:15Z,A000806,,,-4.5,100.0,,,108.1,,42.38,Release-0.2.1.1,,False,False,0.0,
597,2019-06-09T21:01:19Z,A000806,,,-5.0,100.0,,,109.9,,40.85,Release-0.2.1.1,,False,False,0.0,
598,2019-06-09T21:06:24Z,A000806,,,-5.0,100.0,,,109.1,,40.05,Release-0.2.1.1,,False,False,0.0,
599,2019-06-09T21:11:28Z,A000806,,,-5.0,100.0,,,109.4,,40.16,Release-0.2.1.1,,False,False,0.0,
600,2019-06-09T21:16:32Z,A000806,,,-5.0,100.0,,,109.4,,40.11,Release-0.2.1.1,,False,False,0.0,
601,2019-06-09T21:21:37Z,A000806,,,-5.0,100.0,,,110.9,,39.07,Release-0.2.1.1,,False,False,0.0,
602,2019-06-09T21:26:38Z,A000806,,,-5.95,100.0,,,112.4,,38.2,Release-0.2.1.1,,False,False,0.0,
603,2019-06-09T21:31:46Z,A000806,,,-43.6,100.0,,,111.4,,38.2,Release-0.2.1.1,-87.0,False,False,0.0,
604,2019-06-09T21:36:50Z,A000806,,,-5.0,100.0,,,111.7,,38.8,Release-0.2.1.1,,False,False,0.0,
605,2019-06-09T21:41:55Z,A000806,,,-5.0,100.0,,,111.7,,38.33,Release-0.2.1.1,,False,False,0.0,
606,2019-06-09T21:47:00Z,A000806,,,-5.0,100.0,,,114.1,,38.13,Release-0.2.1.1,,False,False,0.0,
607,2019-06-09T21:52:04Z,A000806,,,-5.0,100.0,,,114.4,,37.75,Release-0.2.1.1,,False,False,0.0,
608,2019-06-09T21:57:09Z,A000806,,,-5.0,100.0,,,115.0,,36.58,Release-0.2.1.1,,False,False,0.0,
609,2019-06-09T22:02:14Z,A000806,,,-5.0,100.0,,,119.0,,33.85,Release-0.2.1.1,,False,False,0.0,
610,2019-06-09T22:07:19Z,A000806,,,-4.25,100.0,,,121.9,,30.61,Release-0.2.1.1,,False,False,0.0,
611,2019-06-09T22:12:24Z,A000806,,,-4.5,100.0,,,126.6,,27.83,Release-0.2.1.1,,False,False,0.0,
612,2019-06-09T22:17:29Z,A000806,,,-5.75,100.0,,,127.9,,25.7,Release-0.2.1.1,,False,False,0.0,
613,2019-06-09T22:22:34Z,A000806,,,-2.25,100.0,,,125.3,,25.4,Release-0.2.1.1,,False,False,0.0,
614,2019-06-09T22:27:40Z,A000806,,,-3.0,100.0,,,127.1,,25.54,Release-0.2.1.1,,False,False,0.0,
615,2019-06-09T22:32:45Z,A000806,,,-45.15,100.0,,,128.6,,25.0,Release-0.2.1.1,-85.0,False,False,0.0,
616,2019-06-09T22:37:51Z,A000806,,,-6.05,100.0,,,129.6,,24.61,Release-0.2.1.1,,False,False,0.0,
617,2019-06-09T22:42:56Z,A000806,,,-3.75,100.0,,,127.8,,24.61,Release-0.2.1.1,,False,False,0.0,
618,2019-06-09T22:48:02Z,A000806,,,-2.5,100.0,,,129.1,,24.27,Release-0.2.1.1,,False,False,0.0,
619,2019-06-09T22:53:08Z,A000806,,,-3.75,100.0,,,129.6,,23.62,Release-0.2.1.1,,False,False,0.0,
620,2019-06-09T22:58:13Z,A000806,,,-5.65,100.0,,,129.9,,23.07,Release-0.2.1.1,,False,False,0.0,
621,2019-06-09T23:03:19Z,A000806,,,-9.3,100.0,,,130.0,,23.15,Release-0.2.1.1,,False,False,0.0,
622,2019-06-09T23:08:24Z,A000806,,,-5.95,100.0,,,131.2,,23.47,Release-0.2.1.1,,False,False,0.0,
623,2019-06-09T23:13:30Z,A000806,,,-3.75,100.0,,,131.6,,22.81,Release-0.2.1.1,,False,False,0.0,
624,2019-06-09T23:18:36Z,A000806,,,-3.5,100.0,,,132.0,,22.12,Release-0.2.1.1,,False,False,0.0,
625,2019-06-09T23:23:41Z,A000806,,,-3.75,100.0,,,134.1,,21.58,Release-0.2.1.1,,False,False,0.0,
626,2019-06-09T23:28:47Z,A000806,,,-3.0,100.0,,,133.3,,21.1,Release-0.2.1.1,,False,False,0.0,
627,2019-06-09T23:33:52Z,A000806,,,-40.15,100.0,,,131.5,,20.78,Release-0.2.1.1,-87.0,False,False,0.0,
628,2019-06-09T23:38:58Z,A000806,,,-3.5,100.0,,,135.0,,20.55,Release-0.2.1.1,,False,False,0.0,
629,2019-06-09T23:44:04Z,A000806,,,-4.0,100.0,,,133.4,,20.12,Release-0.2.1.1,,False,False,0.0,
630,2019-06-09T23:49:11Z,A000806,,,-4.0,100.0,,,134.8,,19.69,Release-0.2.1.1,,False,False,0.0,
631,2019-06-09T23:54:17Z,A000806,,,-3.25,100.0,,,135.8,,19.24,Release-0.2.1.1,,False,False,0.0,
632,2019-06-09T23:59:23Z,A000806,,,-3.5,100.0,,,135.3,,18.85,Release-0.2.1.1,,False,False,0.0,
633,2019-06-10T00:04:29Z,A000806,,,-3.25,100.0,,,136.4,,18.48,Release-0.2.1.1,,False,False,0.0,
634,2019-06-10T00:09:35Z,A000806,,,-3.75,100.0,,,137.2,,18.06,Release-0.2.1.1,,False,False,0.0,
635,2019-06-10T00:14:41Z,A000806,,,-3.75,100.0,,,138.7,,17.63,Release-0.2.1.1,,False,False,0.0,
636,2019-06-10T00:19:47Z,A000806,,,-4.25,100.0,,,138.0,,17.18,Release-0.2.1.1,,False,False,0.0,
637,2019-06-10T00:24:53Z,A000806,,,-3.25,100.0,,,138.0,,16.72,Release-0.2.1.1,,False,False,0.0,
638,2019-06-10T00:30:00Z,A000806,,,-4.25,100.0,,,140.2,,16.34,Release-0.2.1.1,,False,False,0.0,
639,2019-06-10T00:35:06Z,A000806,,,-39.15,100.0,,,139.7,,16.22,Release-0.2.1.1,-85.0,False,False,0.0,
640,2019-06-10T00:40:13Z,A000806,,,-3.75,100.0,,,139.4,,16.05,Release-0.2.1.1,,False,False,0.0,
641,2019-06-10T00:45:19Z,A000806,,,-4.25,100.0,,,140.4,,15.73,Release-0.2.1.1,,False,False,0.0,
642,2019-06-10T00:50:26Z,A000806,,,-3.0,100.0,,,141.7,,15.42,Release-0.2.1.1,,False,False,0.0,
643,2019-06-10T00:55:32Z,A000806,,,-3.25,100.0,,,140.2,,15.31,Release-0.2.1.1,,False,False,0.0,
644,2019-06-10T01:00:39Z,A000806,,,-3.0,100.0,,,141.0,,15.06,Release-0.2.1.1,,False,False,0.0,
645,2019-06-10T01:05:45Z,A000806,,,-3.75,100.0,,,140.7,,14.91,Release-0.2.1.1,,False,False,0.0,
646,2019-06-10T01:10:51Z,A000806,,,-2.75,100.0,,,141.0,,14.7,Release-0.2.1.1,,False,False,0.0,
647,2019-06-10T01:15:58Z,A000806,,,-3.5,100.0,,,142.2,,14.45,Release-0.2.1.1,,False,False,0.0,
648,2019-06-10T01:21:04Z,A000806,,,-3.25,100.0,,,142.4,,14.27,Release-0.2.1.1,,False,False,0.0,
649,2019-06-10T01:26:11Z,A000806,,,-3.0,100.0,,,143.1,,14.11,Release-0.2.1.1,,False,False,0.0,
650,2019-06-10T01:31:17Z,A000806,,,-2.75,100.0,,,142.8,,13.95,Release-0.2.1.1,,False,False,0.0,
651,2019-06-10T01:36:23Z,A000806,,,-40.4,100.0,,,144.0,,13.87,Release-0.2.1.1,-85.0,False,False,0.0,
652,2019-06-10T01:41:30Z,A000806,,,-3.0,100.0,,,144.6,,13.61,Release-0.2.1.1,,False,False,0.0,
653,2019-06-10T01:46:36Z,A000806,,,-2.75,100.0,,,144.4,,13.2,Release-0.2.1.1,,False,False,0.0,
654,2019-06-10T01:51:43Z,A000806,,,-2.75,100.0,,,144.8,,12.97,Release-0.2.1.1,,False,False,0.0,
655,2019-06-10T01:56:50Z,A000806,,,-2.5,100.0,,,144.2,,12.81,Release-0.2.1.1,,False,False,0.0,
656,2019-06-10T02:01:56Z,A000806,,,-3.0,100.0,,,146.5,,12.64,Release-0.2.1.1,,False,False,0.0,
657,2019-06-10T02:07:03Z,A000806,,,-2.25,100.0,,,144.9,,12.4,Release-0.2.1.1,,False,False,0.0,
658,2019-06-10T02:12:10Z,A000806,,,-2.75,100.0,,,146.2,,12.25,Release-0.2.1.1,,False,False,0.0,
659,2019-06-10T02:17:17Z,A000806,,,-3.0,100.0,,,146.7,,12.24,Release-0.2.1.1,,False,False,0.0,
660,2019-06-10T02:22:23Z,A000806,,,-3.25,100.0,,,145.6,,12.25,Release-0.2.1.1,,False,False,0.0,
661,2019-06-10T02:27:30Z,A000806,,,-2.75,100.0,,,145.8,,12.22,Release-0.2.1.1,,False,False,0.0,
662,2019-06-10T02:32:37Z,A000806,,,-2.5,100.0,,,145.5,,12.15,Release-0.2.1.1,,False,False,0.0,
663,2019-06-10T02:37:43Z,A000806,,,-40.15,99.5,,,145.4,,12.25,Release-0.2.1.1,-85.0,False,False,0.0,
664,2019-06-10T02:42:50Z,A000806,,,-3.25,99.0,,,145.2,,12.3,Release-0.2.1.1,,False,False,0.0,
665,2019-06-10T02:47:57Z,A000806,,,-2.0,99.0,,,145.8,,12.16,Release-0.2.1.1,,False,False,0.0,
666,2019-06-10T02:53:03Z,A000806,,,-2.75,99.0,,,145.1,,12.07,Release-0.2.1.1,,False,False,0.0,
667,2019-06-10T02:58:10Z,A000806,,,-2.5,99.0,,,146.1,,11.94,Release-0.2.1.1,,False,False,0.0,
668,2019-06-10T03:03:17Z,A000806,,,-2.5,99.0,,,146.2,,11.78,Release-0.2.1.1,,False,False,0.0,
669,2019-06-10T03:08:24Z,A000806,,,-2.5,99.0,,,145.7,,11.75,Release-0.2.1.1,,False,False,0.0,
670,2019-06-10T03:13:31Z,A000806,,,-3.25,99.0,,,146.2,,11.82,Release-0.2.1.1,,False,False,0.0,
671,2019-06-10T03:18:38Z,A000806,,,-2.25,99.0,,,145.0,,11.99,Release-0.2.1.1,,False,False,0.0,
672,2019-06-10T03:23:45Z,A000806,,,-3.0,99.0,,,143.9,,12.3,Release-0.2.1.1,,False,False,0.0,
673,2019-06-10T03:28:51Z,A000806,,,-2.5,99.0,,,145.7,,12.62,Release-0.2.1.1,,False,False,0.0,
674,2019-06-10T03:33:58Z,A000806,,,-3.0,99.0,,,144.3,,12.89,Release-0.2.1.1,,False,False,0.0,
675,2019-06-10T03:39:05Z,A000806,,,-40.7,99.0,,,143.0,,13.26,Release-0.2.1.1,-87.0,False,False,0.0,
676,2019-06-10T03:44:11Z,A000806,,,-3.75,99.0,,,143.6,,13.54,Release-0.2.1.1,,False,False,0.0,
677,2019-06-10T03:49:18Z,A000806,,,-3.25,99.0,,,143.9,,13.56,Release-0.2.1.1,,False,False,0.0,
678,2019-06-10T03:54:25Z,A000806,,,-3.75,99.0,,,142.2,,13.63,Release-0.2.1.1,,False,False,0.0,
679,2019-06-10T03:59:31Z,A000806,,,-2.75,99.0,,,143.7,,13.65,Release-0.2.1.1,,False,False,0.0,
680,2019-06-10T04:04:38Z,A000806,,,-2.75,99.0,,,144.1,,13.48,Release-0.2.1.1,,False,False,0.0,
681,2019-06-10T04:09:44Z,A000806,,,-2.5,99.0,,,145.2,,13.21,Release-0.2.1.1,,False,False,0.0,
682,2019-06-10T04:14:51Z,A000806,,,-2.5,99.0,,,146.5,,12.99,Release-0.2.1.1,,False,False,0.0,
683,2019-06-10T04:19:58Z,A000806,,,-3.25,99.0,,,145.4,,12.85,Release-0.2.1.1,,False,False,0.0,
684,2019-06-10T04:25:04Z,A000806,,,-2.5,99.0,,,145.1,,12.62,Release-0.2.1.1,,False,False,0.0,
685,2019-06-10T04:30:11Z,A000806,,,-2.75,99.0,,,146.1,,12.38,Release-0.2.1.1,,False,False,0.0,
686,2019-06-10T04:35:18Z,A000806,,,-2.75,99.0,,,144.4,,12.25,Release-0.2.1.1,,False,False,0.0,
687,2019-06-10T04:40:24Z,A000806,,,-40.4,98.35,,,143.5,,12.44,Release-0.2.1.1,-87.0,False,False,0.0,
688,2019-06-10T04:45:31Z,A000806,,,-3.0,98.0,,,144.2,,12.66,Release-0.2.1.1,,False,False,0.0,
689,2019-06-10T04:50:38Z,A000806,,,-3.0,98.0,,,143.8,,12.53,Release-0.2.1.1,,False,False,0.0,
690,2019-06-10T04:55:44Z,A000806,,,-2.75,98.0,,,144.8,,12.41,Release-0.2.1.1,,False,False,0.0,
691,2019-06-10T05:00:51Z,A000806,,,-2.75,98.0,,,145.0,,12.16,Release-0.2.1.1,,False,False,0.0,
692,2019-06-10T05:05:58Z,A000806,,,-3.25,98.0,,,144.3,,11.95,Release-0.2.1.1,,False,False,0.0,
693,2019-06-10T05:11:04Z,A000806,,,-3.25,98.0,,,145.9,,11.77,Release-0.2.1.1,,False,False,0.0,
694,2019-06-10T05:16:11Z,A000806,,,-3.0,98.0,,,147.4,,11.66,Release-0.2.1.1,,False,False,0.0,
695,2019-06-10T05:21:18Z,A000806,,,-3.0,98.0,,,146.6,,11.77,Release-0.2.1.1,,False,False,0.0,
696,2019-06-10T05:26:25Z,A000806,,,-3.5,98.0,,,146.2,,12.01,Release-0.2.1.1,,False,False,0.0,
697,2019-06-10T05:31:31Z,A000806,,,-2.75,98.0,,,144.4,,12.34,Release-0.2.1.1,,False,False,0.0,
698,2019-06-10T05:36:38Z,A000806,,,-3.5,98.0,,,145.7,,12.58,Release-0.2.1.1,,False,False,0.0,
699,2019-06-10T05:41:44Z,A000806,,,-40.1,98.0,,,143.4,,12.94,Release-0.2.1.1,-87.0,False,False,0.0,
700,2019-06-10T05:46:51Z,A000806,,,-2.5,98.0,,,143.7,,13.2,Release-0.2.1.1,,False,False,0.0,
701,2019-06-10T05:51:57Z,A000806,,,-3.5,98.0,,,142.8,,13.25,Release-0.2.1.1,,False,False,0.0,
702,2019-06-10T05:57:04Z,A000806,,,-3.5,98.0,,,143.8,,13.31,Release-0.2.1.1,,False,False,0.0,
703,2019-06-10T06:02:10Z,A000806,,,-3.5,98.0,,,144.4,,13.45,Release-0.2.1.1,,False,False,0.0,
704,2019-06-10T06:07:17Z,A000806,,,-3.0,98.0,,,144.5,,13.6,Release-0.2.1.1,,False,False,0.0,
705,2019-06-10T06:12:24Z,A000806,,,-3.5,98.0,,,143.2,,13.71,Release-0.2.1.1,,False,False,0.0,
706,2019-06-10T06:17:30Z,A000806,,,-3.25,98.0,,,142.4,,13.85,Release-0.2.1.1,,False,False,0.0,
707,2019-06-10T06:22:37Z,A000806,,,-3.0,98.0,,,143.5,,13.98,Release-0.2.1.1,,False,False,0.0,
708,2019-06-10T06:27:43Z,A000806,,,-3.5,98.0,,,142.3,,14.08,Release-0.2.1.1,,False,False,0.0,
709,2019-06-10T06:32:50Z,A000806,,,-3.0,97.45,,,140.5,,14.15,Release-0.2.1.1,,False,False,0.0,
710,2019-06-10T06:37:56Z,A000806,,,-3.0,97.0,,,141.2,,14.24,Release-0.2.1.1,,False,False,0.0,
711,2019-06-10T06:43:02Z,A000806,,,-47.35,97.0,,,141.9,,14.42,Release-0.2.1.1,-85.0,False,False,0.0,
712,2019-06-10T06:48:08Z,A000806,,,-3.0,97.0,,,143.2,,14.58,Release-0.2.1.1,,False,False,0.0,
713,2019-06-10T06:53:15Z,A000806,,,-3.75,97.0,,,141.8,,14.52,Release-0.2.1.1,,False,False,0.0,
714,2019-06-10T06:58:21Z,A000806,,,-3.25,97.0,,,141.8,,14.53,Release-0.2.1.1,,False,False,0.0,
715,2019-06-10T07:03:28Z,A000806,,,-4.0,97.0,,,142.3,,14.56,Release-0.2.1.1,,False,False,0.0,
716,2019-06-10T07:08:35Z,A000806,,,-3.5,97.0,,,142.3,,14.65,Release-0.2.1.1,,False,False,0.0,
717,2019-06-10T07:13:41Z,A000806,,,-4.0,97.0,,,141.8,,14.73,Release-0.2.1.1,,False,False,0.0,
718,2019-06-10T07:18:48Z,A000806,,,-3.5,97.0,,,142.0,,14.85,Release-0.2.1.1,,False,False,0.0,
719,2019-06-10T07:23:54Z,A000806,,,-3.75,97.0,,,141.4,,14.95,Release-0.2.1.1,,False,False,0.0,
720,2019-06-10T07:29:01Z,A000806,,,-3.0,97.0,,,140.8,,14.95,Release-0.2.1.1,,False,False,0.0,
721,2019-06-10T07:34:07Z,A000806,,,-4.0,97.0,,,141.4,,15.03,Release-0.2.1.1,,False,False,0.0,
722,2019-06-10T07:39:14Z,A000806,,,-3.25,97.0,,,142.0,,15.05,Release-0.2.1.1,,False,False,0.0,
723,2019-06-10T07:44:20Z,A000806,,,-43.25,97.0,,,139.6,,15.17,Release-0.2.1.1,-85.0,False,False,0.0,
724,2019-06-10T07:49:27Z,A000806,,,-3.0,97.0,,,141.2,,15.27,Release-0.2.1.1,,False,False,0.0,
725,2019-06-10T07:54:33Z,A000806,,,-4.0,97.0,,,141.5,,15.15,Release-0.2.1.1,,False,False,0.0,
726,2019-06-10T07:59:40Z,A000806,,,-3.5,97.0,,,140.3,,15.16,Release-0.2.1.1,,False,False,0.0,
727,2019-06-10T08:04:46Z,A000806,,,-3.0,97.0,,,141.2,,15.24,Release-0.2.1.1,,False,False,0.0,
728,2019-06-10T08:09:52Z,A000806,,,-3.75,97.0,,,139.4,,15.25,Release-0.2.1.1,,False,False,0.0,
729,2019-06-10T08:14:59Z,A000806,,,-3.25,97.0,,,140.7,,15.25,Release-0.2.1.1,,False,False,0.0,
730,2019-06-10T08:20:05Z,A000806,,,-4.0,97.0,,,138.7,,15.25,Release-0.2.1.1,,False,False,0.0,
731,2019-06-10T08:25:12Z,A000806,,,-3.25,96.85,,,140.4,,15.25,Release-0.2.1.1,,False,False,0.0,
732,2019-06-10T08:30:18Z,A000806,,,-3.0,96.0,,,140.1,,15.25,Release-0.2.1.1,,False,False,0.0,
733,2019-06-10T08:35:24Z,A000806,,,-4.25,96.0,,,139.4,,15.26,Release-0.2.1.1,,False,False,0.0,
734,2019-06-10T08:40:31Z,A000806,,,-3.75,96.0,,,139.3,,15.26,Release-0.2.1.1,,False,False,0.0,
735,2019-06-10T08:45:37Z,A000806,40.4004,-74.6832,-60.9,96.0,,,138.6,-7.0,15.43,Release-0.2.1.1,-87.0,False,False,0.0,
736,2019-06-10T08:50:44Z,A000806,,,-4.0,96.0,,,140.0,,15.64,Release-0.2.1.1,,False,False,0.0,
737,2019-06-10T08:55:50Z,A000806,,,-2.75,96.0,,,139.9,,15.45,Release-0.2.1.1,,False,False,0.0,
738,2019-06-10T09:00:57Z,A000806,,,-3.75,96.0,,,142.0,,15.35,Release-0.2.1.1,,False,False,0.0,
739,2019-06-10T09:06:03Z,A000806,,,-3.75,96.0,,,140.3,,15.28,Release-0.2.1.1,,False,False,0.0,
740,2019-06-10T09:11:10Z,A000806,,,-3.5,96.0,,,140.3,,15.17,Release-0.2.1.1,,False,False,0.0,
741,2019-06-10T09:16:16Z,A000806,,,-4.0,96.0,,,141.7,,14.91,Release-0.2.1.1,,False,False,0.0,
742,2019-06-10T09:21:23Z,A000806,,,-4.25,96.0,,,140.4,,14.68,Release-0.2.1.1,,False,False,0.0,
743,2019-06-10T09:26:30Z,A000806,,,-3.5,96.0,,,141.0,,14.56,Release-0.2.1.1,,False,False,0.0,
744,2019-06-10T09:31:36Z,A000806,,,-3.0,96.0,,,141.0,,14.47,Release-0.2.1.1,,False,False,0.0,
745,2019-06-10T09:36:43Z,A000806,,,-3.5,96.0,,,142.3,,14.45,Release-0.2.1.1,,False,False,0.0,
746,2019-06-10T09:41:49Z,A000806,,,-3.75,96.0,,,140.6,,14.45,Release-0.2.1.1,,False,False,0.0,
747,2019-06-10T09:46:56Z,A000806,,,-41.0,96.0,,,140.7,,14.62,Release-0.2.1.1,-87.0,False,False,0.0,
748,2019-06-10T09:52:03Z,A000806,,,-4.25,96.0,,,140.4,,14.77,Release-0.2.1.1,,False,False,0.0,
749,2019-06-10T09:57:09Z,A000806,,,-3.75,96.0,,,141.3,,14.74,Release-0.2.1.1,,False,False,0.0,
750,2019-06-10T10:02:16Z,A000806,,,-3.25,95.35,,,141.8,,14.77,Release-0.2.1.1,,False,False,0.0,
751,2019-06-10T10:07:22Z,A000806,,,-3.5,95.0,,,141.1,,14.84,Release-0.2.1.1,,False,False,0.0,
752,2019-06-10T10:12:29Z,A000806,,,-3.5,95.0,,,142.2,,14.85,Release-0.2.1.1,,False,False,0.0,
753,2019-06-10T10:17:35Z,A000806,,,-3.75,95.0,,,141.2,,14.85,Release-0.2.1.1,,False,False,0.0,
754,2019-06-10T10:22:41Z,A000806,,,-2.75,95.0,,,142.0,,14.85,Release-0.2.1.1,,False,False,0.0,
755,2019-06-10T10:27:48Z,A000806,,,-3.75,95.0,,,141.8,,14.89,Release-0.2.1.1,,False,False,0.0,
756,2019-06-10T10:32:54Z,A000806,,,-3.5,95.0,,,140.8,,14.95,Release-0.2.1.1,,False,False,0.0,
757,2019-06-10T10:38:01Z,A000806,,,-3.25,95.0,,,140.7,,15.04,Release-0.2.1.1,,False,False,0.0,
758,2019-06-10T10:43:07Z,A000806,,,-3.0,95.0,,,141.1,,15.14,Release-0.2.1.1,,False,False,0.0,
759,2019-06-10T10:48:12Z,A000806,,,-41.2,95.0,,,139.5,,15.34,Release-0.2.1.1,-87.0,False,False,0.0,
760,2019-06-10T10:53:18Z,A000806,,,-3.75,95.0,,,139.5,,15.56,Release-0.2.1.1,,False,False,0.0,
761,2019-06-10T10:58:25Z,A000806,,,-3.5,95.0,,,140.4,,15.58,Release-0.2.1.1,,False,False,0.0,
762,2019-06-10T11:03:31Z,A000806,,,-4.0,95.0,,,141.4,,15.65,Release-0.2.1.1,,False,False,0.0,
763,2019-06-10T11:08:38Z,A000806,,,-4.0,95.0,,,141.4,,15.74,Release-0.2.1.1,,False,False,0.0,
764,2019-06-10T11:13:44Z,A000806,,,-4.0,95.0,,,140.0,,15.75,Release-0.2.1.1,,False,False,0.0,
765,2019-06-10T11:18:51Z,A000806,,,-3.75,95.0,,,140.2,,15.74,Release-0.2.1.1,,False,False,0.0,
766,2019-06-10T11:23:57Z,A000806,,,-4.0,95.0,,,140.7,,15.66,Release-0.2.1.1,,False,False,0.0,
767,2019-06-10T11:29:04Z,A000806,,,-3.75,95.0,,,140.3,,15.71,Release-0.2.1.1,,False,False,0.0,
768,2019-06-10T11:34:10Z,A000806,,,-3.5,95.0,,,139.6,,15.81,Release-0.2.1.1,,False,False,0.0,
769,2019-06-10T11:39:16Z,A000806,,,-4.0,95.0,,,141.0,,15.93,Release-0.2.1.1,,False,False,0.0,
770,2019-06-10T11:44:23Z,A000806,,,-4.0,95.0,,,140.2,,15.98,Release-0.2.1.1,,False,False,0.0,
771,2019-06-10T11:49:31Z,A000806,,,-51.15,94.6,,,140.0,,16.21,Release-0.2.1.1,-87.0,False,False,0.0,
772,2019-06-10T11:54:38Z,A000806,,,-3.5,94.0,,,140.6,,16.45,Release-0.2.1.1,,False,False,0.0,
773,2019-06-10T11:59:44Z,A000806,,,-4.25,94.0,,,140.0,,16.45,Release-0.2.1.1,,False,False,0.0,
774,2019-06-10T12:04:50Z,A000806,,,-4.0,94.0,,,140.7,,16.49,Release-0.2.1.1,,False,False,0.0,
775,2019-06-10T12:09:57Z,A000806,,,-3.5,94.0,,,138.3,,16.59,Release-0.2.1.1,,False,False,0.0,
776,2019-06-10T12:15:03Z,A000806,,,-4.25,94.0,,,138.5,,16.62,Release-0.2.1.1,,False,False,0.0,
777,2019-06-10T12:20:10Z,A000806,,,-4.5,94.0,,,139.1,,16.79,Release-0.2.1.1,,False,False,0.0,
778,2019-06-10T12:25:16Z,A000806,,,-4.75,94.0,,,140.6,,16.99,Release-0.2.1.1,,False,False,0.0,
779,2019-06-10T12:30:22Z,A000806,,,-5.0,94.0,,,137.9,,17.16,Release-0.2.1.1,,False,False,0.0,
780,2019-06-10T12:35:29Z,A000806,,,-5.0,94.0,,,139.4,,17.26,Release-0.2.1.1,,False,False,0.0,
781,2019-06-10T12:40:35Z,A000806,,,-4.75,94.0,,,138.9,,17.33,Release-0.2.1.1,,False,False,0.0,
782,2019-06-10T12:45:41Z,A000806,,,-4.75,94.0,,,139.9,,17.31,Release-0.2.1.1,,False,False,0.0,
783,2019-06-10T12:50:47Z,A000806,,,-49.6,94.0,,,137.9,,17.29,Release-0.2.1.1,-85.0,False,False,0.0,
784,2019-06-10T12:55:53Z,A000806,,,-4.75,94.0,,,137.1,,17.44,Release-0.2.1.1,,False,False,0.0,
785,2019-06-10T13:00:59Z,A000806,,,-4.5,94.0,,,138.4,,17.3,Release-0.2.1.1,,False,False,0.0,
786,2019-06-10T13:06:05Z,A000806,,,-4.5,94.0,,,139.8,,17.24,Release-0.2.1.1,,False,False,0.0,
787,2019-06-10T13:11:12Z,A000806,,,-5.0,94.0,,,138.7,,17.24,Release-0.2.1.1,,False,False,0.0,
788,2019-06-10T13:16:18Z,A000806,,,-4.25,94.0,,,139.4,,17.18,Release-0.2.1.1,,False,False,0.0,
789,2019-06-10T13:21:24Z,A000806,,,-4.5,94.0,,,139.3,,17.21,Release-0.2.1.1,,False,False,0.0,
790,2019-06-10T13:26:30Z,A000806,,,-5.0,94.0,,,138.4,,17.36,Release-0.2.1.1,,False,False,0.0,
791,2019-06-10T13:31:37Z,A000806,,,-5.0,94.0,,,136.7,,17.45,Release-0.2.1.1,,False,False,0.0,
792,2019-06-10T13:36:43Z,A000806,,,-4.5,94.0,,,138.0,,17.46,Release-0.2.1.1,,False,False,0.0,
793,2019-06-10T13:41:49Z,A000806,,,-4.75,94.0,,,139.2,,17.54,Release-0.2.1.1,,False,False,0.0,
794,2019-06-10T13:46:55Z,A000806,,,-4.75,94.0,,,138.7,,17.57,Release-0.2.1.1,,False,False,0.0,
795,2019-06-10T13:52:02Z,A000806,,,-49.7,93.55,,,137.1,,18.01,Release-0.2.1.1,-85.0,False,False,0.0,
796,2019-06-10T13:57:08Z,A000806,,,-5.55,93.0,,,137.2,,18.46,Release-0.2.1.1,,False,False,0.0,
797,2019-06-10T14:02:14Z,A000806,,,-5.0,93.0,,,135.3,,18.46,Release-0.2.1.1,,False,False,0.0,
798,2019-06-10T14:07:20Z,A000806,,,-5.0,93.0,,,138.2,,18.52,Release-0.2.1.1,,False,False,0.0,
799,2019-06-10T14:12:26Z,A000806,,,-6.55,93.0,,,138.3,,18.56,Release-0.2.1.1,,False,False,0.0,
800,2019-06-10T14:17:32Z,A000806,,,-7.75,93.0,,,135.5,,18.81,Release-0.2.1.1,,False,False,0.0,
801,2019-06-10T14:22:38Z,A000806,,,-9.25,93.0,,,136.9,,19.12,Release-0.2.1.1,,False,False,0.0,
802,2019-06-10T14:27:44Z,A000806,,,-9.2,93.0,,,135.6,,19.44,Release-0.2.1.1,,False,False,0.0,
803,2019-06-10T14:32:50Z,A000806,,,-9.65,93.0,,,134.5,,19.89,Release-0.2.1.1,,False,False,0.0,
804,2019-06-10T14:37:56Z,A000806,,,-10.2,93.0,,,134.8,,20.29,Release-0.2.1.1,,False,False,0.0,
805,2019-06-10T14:43:02Z,A000806,,,-8.8,93.0,,,135.0,,19.94,Release-0.2.1.1,,False,False,0.0,
806,2019-06-10T14:48:08Z,A000806,,,-8.15,93.0,,,134.1,,19.75,Release-0.2.1.1,,False,False,0.0,
807,2019-06-10T14:53:14Z,A000806,,,-51.9,93.0,,,134.4,,19.81,Release-0.2.1.1,-87.0,False,False,0.0,
808,2019-06-10T14:58:20Z,A000806,,,-7.3,93.0,,,133.7,,19.88,Release-0.2.1.1,,False,False,0.0,
809,2019-06-10T15:03:26Z,A000806,,,-9.0,93.0,,,134.5,,19.83,Release-0.2.1.1,,False,False,0.0,
810,2019-06-10T15:08:32Z,A000806,,,-9.4,93.0,,,135.5,,19.81,Release-0.2.1.1,,False,False,0.0,
811,2019-06-10T15:13:38Z,A000806,,,-10.05,93.0,,,134.8,,20.26,Release-0.2.1.1,,False,False,0.0,
812,2019-06-10T15:18:44Z,A000806,,,-9.25,92.05,,,132.8,,20.25,Release-0.2.1.1,,False,False,0.0,
813,2019-06-10T15:23:50Z,A000806,,,-9.15,92.0,,,133.9,,20.17,Release-0.2.1.1,,False,False,0.0,
814,2019-06-10T15:28:56Z,A000806,,,-8.8,92.0,,,131.6,,20.32,Release-0.2.1.1,,False,False,0.0,
815,2019-06-10T15:34:01Z,A000806,,,-7.6,92.0,,,132.2,,20.23,Release-0.2.1.1,,False,False,0.0,
816,2019-06-10T15:39:07Z,A000806,,,-9.6,92.0,,,134.2,,20.25,Release-0.2.1.1,,False,False,0.0,
817,2019-06-10T15:44:13Z,A000806,,,-8.95,92.0,,,134.5,,20.45,Release-0.2.1.1,,False,False,0.0,
818,2019-06-10T15:49:19Z,A000806,,,-10.9,92.0,,,132.8,,20.53,Release-0.2.1.1,,False,False,0.0,
819,2019-06-10T15:54:25Z,A000806,,,-56.4,92.0,,,133.1,,20.87,Release-0.2.1.1,-87.0,False,False,0.0,
820,2019-06-10T15:59:31Z,A000806,,,-11.1,92.0,,,134.5,,21.14,Release-0.2.1.1,,False,False,0.0,
821,2019-06-10T16:04:37Z,A000806,,,-9.4,92.0,,,133.4,,20.89,Release-0.2.1.1,,False,False,0.0,
822,2019-06-10T16:09:43Z,A000806,,,-9.5,92.0,,,133.7,,20.69,Release-0.2.1.1,,False,False,0.0,
823,2019-06-10T16:14:49Z,A000806,,,-11.2,92.0,,,132.5,,20.92,Release-0.2.1.1,,False,False,0.0,
824,2019-06-10T16:19:55Z,A000806,,,-10.8,92.0,,,131.6,,21.45,Release-0.2.1.1,,False,False,0.0,
825,2019-06-10T16:25:00Z,A000806,,,-11.15,92.0,,,130.7,,21.8,Release-0.2.1.1,,False,False,0.0,
826,2019-06-10T16:30:06Z,A000806,,,-9.65,92.0,,,132.2,,22.16,Release-0.2.1.1,,False,False,0.0,
827,2019-06-10T16:35:12Z,A000806,,,-9.5,91.2,,,132.1,,22.72,Release-0.2.1.1,,False,False,0.0,
828,2019-06-10T16:40:18Z,A000806,,,-10.65,91.0,,,131.5,,22.7,Release-0.2.1.1,,False,False,0.0,
829,2019-06-10T16:45:24Z,A000806,,,-10.35,91.0,,,131.6,,22.69,Release-0.2.1.1,,False,False,0.0,
830,2019-06-10T16:50:29Z,A000806,,,-9.45,91.0,,,129.9,,22.88,Release-0.2.1.1,,False,False,0.0,
831,2019-06-10T16:55:35Z,A000806,,,-55.65,91.0,,,128.8,,23.21,Release-0.2.1.1,-87.0,False,False,0.0,
832,2019-06-10T17:00:41Z,A000806,,,-8.9,91.0,,,128.9,,23.33,Release-0.2.1.1,,False,False,0.0,
833,2019-06-10T17:05:46Z,A000806,,,-9.3,91.0,,,129.9,,23.75,Release-0.2.1.1,,False,False,0.0,
834,2019-06-10T17:10:51Z,A000806,,,-7.45,91.0,,,128.4,,23.97,Release-0.2.1.1,,False,False,0.0,
835,2019-06-10T17:15:57Z,A000806,,,-6.15,91.0,,,127.7,,24.27,Release-0.2.1.1,,False,False,0.0,
836,2019-06-10T17:21:02Z,A000806,,,-6.8,91.0,,,127.3,,24.56,Release-0.2.1.1,,False,False,0.0,
837,2019-06-10T17:26:08Z,A000806,,,-6.35,91.0,,,127.4,,24.95,Release-0.2.1.1,,False,False,0.0,
838,2019-06-10T17:31:13Z,A000806,,,-4.8,91.0,,,125.4,,25.41,Release-0.2.1.1,,False,False,0.0,
839,2019-06-10T17:36:19Z,A000806,,,-5.55,91.0,,,125.4,,26.05,Release-0.2.1.1,,False,False,0.0,
840,2019-06-10T17:41:24Z,A000806,,,-5.85,91.0,,,127.1,,26.05,Release-0.2.1.1,,False,False,0.0,
841,2019-06-10T17:46:29Z,A000806,,,-8.25,91.0,,,125.8,,26.02,Release-0.2.1.1,,False,False,0.0,
842,2019-06-10T17:51:34Z,A000806,,,-8.1,91.0,,,125.5,,25.54,Release-0.2.1.1,,False,False,0.0,
843,2019-06-10T17:56:39Z,A000806,,,-61.5,90.5,,,124.9,,25.97,Release-0.2.1.1,-87.0,False,False,0.0,
844,2019-06-10T18:01:44Z,A000806,,,-8.4,90.0,,,125.1,,26.31,Release-0.2.1.1,,False,False,0.0,
845,2019-06-10T18:06:50Z,A000806,,,-7.5,90.0,,,125.3,,26.0,Release-0.2.1.1,,False,False,0.0,
846,2019-06-10T18:11:55Z,A000806,,,-7.75,90.0,,,124.4,,26.27,Release-0.2.1.1,,False,False,0.0,
847,2019-06-10T18:17:00Z,A000806,,,-7.45,90.0,,,126.3,,26.35,Release-0.2.1.1,,False,False,0.0,
848,2019-06-10T18:22:05Z,A000806,,,-9.9,90.0,,,125.2,,26.2,Release-0.2.1.1,,False,False,0.0,
849,2019-06-10T18:27:11Z,A000806,,,-9.95,90.0,,,125.9,,25.54,Release-0.2.1.1,,False,False,0.0,
850,2019-06-10T18:32:16Z,A000806,,,-8.5,90.0,,,124.7,,25.74,Release-0.2.1.1,,False,False,0.0,
851,2019-06-10T18:37:21Z,A000806,,,-9.65,90.0,,,124.9,,25.67,Release-0.2.1.1,,False,False,0.0,
852,2019-06-10T18:42:26Z,A000806,,,-9.15,90.0,,,124.8,,25.89,Release-0.2.1.1,,False,False,0.0,
853,2019-06-10T18:47:32Z,A000806,,,-11.15,90.0,,,125.2,,25.54,Release-0.2.1.1,,False,False,0.0,
854,2019-06-10T18:52:37Z,A000806,,,-11.05,90.0,,,126.3,,24.95,Release-0.2.1.1,,False,False,0.0,
855,2019-06-10T18:57:43Z,A000806,,,-49.0,90.0,,,127.6,,24.78,Release-0.2.1.1,-87.0,False,False,0.0,
856,2019-06-10T19:02:48Z,A000806,,,-10.05,89.85,,,127.8,,24.38,Release-0.2.1.1,,False,False,0.0,
857,2019-06-10T19:07:54Z,A000806,,,-9.55,89.0,,,127.7,,24.0,Release-0.2.1.1,,False,False,0.0,
858,2019-06-10T19:12:59Z,A000806,,,-10.75,89.0,,,128.0,,24.07,Release-0.2.1.1,,False,False,0.0,
859,2019-06-10T19:18:05Z,A000806,,,-9.05,89.0,,,129.7,,24.03,Release-0.2.1.1,,False,False,0.0,
860,2019-06-10T19:23:10Z,A000806,,,-11.0,89.0,,,128.0,,23.95,Release-0.2.1.1,,False,False,0.0,
861,2019-06-10T19:28:16Z,A000806,,,-7.4,89.0,,,126.7,,24.77,Release-0.2.1.1,,False,False,0.0,
862,2019-06-10T19:33:21Z,A000806,,,-9.5,89.0,,,126.0,,25.74,Release-0.2.1.1,,False,False,0.0,
863,2019-06-10T19:38:26Z,A000806,,,-10.4,89.0,,,126.6,,25.84,Release-0.2.1.1,,False,False,0.0,
864,2019-06-10T19:43:32Z,A000806,,,-10.7,89.0,,,127.4,,25.62,Release-0.2.1.1,,False,False,0.0,
865,2019-06-10T19:48:37Z,A000806,,,-11.0,89.0,,,127.2,,25.59,Release-0.2.1.1,,False,False,0.0,
866,2019-06-10T19:53:43Z,A000806,,,-10.55,89.0,,,125.9,,25.68,Release-0.2.1.1,,False,False,0.0,
867,2019-06-10T19:58:47Z,A000806,,,-50.3,89.0,,,125.4,,25.94,Release-0.2.1.1,-87.0,False,False,0.0,
868,2019-06-10T20:03:52Z,A000806,,,-11.2,89.0,,,127.0,,25.92,Release-0.2.1.1,,False,False,0.0,
869,2019-06-10T20:08:58Z,A000806,,,-11.25,89.0,,,125.8,,25.86,Release-0.2.1.1,,False,False,0.0,
870,2019-06-10T20:14:03Z,A000806,,,-11.25,89.0,,,126.5,,25.89,Release-0.2.1.1,,False,False,0.0,
871,2019-06-10T20:19:08Z,A000806,,,-11.1,88.3,,,127.1,,25.59,Release-0.2.1.1,,False,False,0.0,
872,2019-06-10T20:24:14Z,A000806,,,-11.05,88.0,,,126.5,,25.27,Release-0.2.1.1,,False,False,0.0,
873,2019-06-10T20:29:19Z,A000806,,,-11.1,88.0,,,127.6,,25.55,Release-0.2.1.1,,False,False,0.0,
874,2019-06-10T20:34:25Z,A000806,,,-9.35,88.0,,,126.5,,25.3,Release-0.2.1.1,,False,False,0.0,
875,2019-06-10T20:39:30Z,A000806,,,-10.1,88.0,,,127.1,,24.68,Release-0.2.1.1,,False,False,0.0,
876,2019-06-10T20:44:35Z,A000806,,,-10.8,88.0,,,128.9,,24.64,Release-0.2.1.1,,False,False,0.0,
877,2019-06-10T20:49:41Z,A000806,,,-10.8,88.0,,,127.4,,25.26,Release-0.2.1.1,,False,False,0.0,
878,2019-06-10T20:54:46Z,A000806,,,-10.95,88.0,,,127.1,,25.22,Release-0.2.1.1,,False,False,0.0,
879,2019-06-10T20:59:52Z,A000806,40.4005,-74.6832,-76.05,88.0,,,125.9,-25.0,25.35,Release-0.2.1.1,-89.0,False,False,0.0,
880,2019-06-10T21:04:57Z,A000806,,,-11.25,88.0,,,127.4,,25.86,Release-0.2.1.1,,False,False,0.0,
881,2019-06-10T21:10:02Z,A000806,,,-11.2,88.0,,,126.3,,25.64,Release-0.2.1.1,,False,False,0.0,
882,2019-06-10T21:15:07Z,A000806,,,-8.8,88.0,,,127.5,,25.35,Release-0.2.1.1,,False,False,0.0,
883,2019-06-10T21:20:13Z,A000806,,,-5.1,88.0,,,128.9,,24.55,Release-0.2.1.1,,False,False,0.0,
884,2019-06-10T21:25:18Z,A000806,,,-3.25,87.4,,,129.2,,23.65,Release-0.2.1.1,,False,False,0.0,
885,2019-06-10T21:30:24Z,A000806,,,-2.75,87.0,,,131.1,,22.6,Release-0.2.1.1,,False,False,0.0,
886,2019-06-10T21:35:30Z,A000806,,,-4.25,87.0,,,131.4,,22.08,Release-0.2.1.1,,False,False,0.0,
887,2019-06-10T21:40:35Z,A000806,,,-4.0,87.0,,,132.9,,21.93,Release-0.2.1.1,,False,False,0.0,
888,2019-06-10T21:45:41Z,A000806,,,-3.5,87.0,,,131.2,,21.85,Release-0.2.1.1,,False,False,0.0,
889,2019-06-10T21:50:47Z,A000806,,,-4.25,87.0,,,131.2,,21.8,Release-0.2.1.1,,False,False,0.0,
890,2019-06-10T21:55:52Z,A000806,,,-2.25,87.0,,,131.7,,21.6,Release-0.2.1.1,,False,False,0.0,
891,2019-06-10T22:00:58Z,A000806,,,-40.8,87.0,,,130.2,,21.53,Release-0.2.1.1,-87.0,False,False,0.0,
892,2019-06-10T22:06:04Z,A000806,,,-2.25,87.0,,,131.0,,21.5,Release-0.2.1.1,,False,False,0.0,
893,2019-06-10T22:11:09Z,A000806,,,-2.0,87.0,,,132.9,,21.28,Release-0.2.1.1,,False,False,0.0,
894,2019-06-10T22:16:12Z,A000806,,,-4.9,87.0,,,133.4,,21.19,Release-0.2.1.1,,False,False,0.0,
895,2019-06-10T22:21:18Z,A000806,,,-9.8,87.0,,,132.9,,21.11,Release-0.2.1.1,,False,False,0.0,
896,2019-06-10T22:26:23Z,A000806,,,-9.9,87.0,,,132.6,,21.03,Release-0.2.1.1,,False,False,0.0,
897,2019-06-10T22:31:29Z,A000806,,,-7.75,87.0,,,131.1,,21.05,Release-0.2.1.1,,False,False,0.0,
898,2019-06-10T22:36:39Z,A000806,,,-8.2,87.0,,,131.4,,21.56,Release-0.2.1.1,,False,False,0.0,
899,2019-06-10T22:41:44Z,A000806,,,-5.85,87.0,,,132.4,,22.04,Release-0.2.1.1,,False,False,0.0,
900,2019-06-10T22:46:50Z,A000806,,,-3.25,87.0,,,130.9,,22.12,Release-0.2.1.1,,False,False,0.0,
901,2019-06-10T22:51:56Z,A000806,,,-4.75,87.0,,,130.4,,22.08,Release-0.2.1.1,,False,False,0.0,
902,2019-06-10T22:56:58Z,A000806,,,-7.45,87.0,,,130.4,,21.8,Release-0.2.1.1,,False,False,0.0,
903,2019-06-10T23:02:07Z,A000806,,,-79.05,86.55,,,130.4,,21.8,Release-0.2.1.1,-87.0,False,False,0.0,
904,2019-06-10T23:07:13Z,A000806,,,-2.5,86.0,,,132.0,,21.95,Release-0.2.1.1,,False,False,0.0,
905,2019-06-10T23:12:15Z,A000806,,,-9.85,86.0,,,132.8,,21.79,Release-0.2.1.1,,False,False,0.0,
906,2019-06-10T23:17:23Z,A000806,,,-2.75,86.0,,,130.7,,21.66,Release-0.2.1.1,,False,False,0.0,
907,2019-06-10T23:22:29Z,A000806,,,-2.75,86.0,,,130.5,,21.55,Release-0.2.1.1,,False,False,0.0,
908,2019-06-10T23:27:31Z,A000806,,,-4.25,86.0,,,132.3,,21.53,Release-0.2.1.1,,False,False,0.0,
909,2019-06-10T23:32:37Z,A000806,,,-10.0,86.0,,,131.3,,21.54,Release-0.2.1.1,,False,False,0.0,
910,2019-06-10T23:37:42Z,A000806,,,-9.9,86.0,,,131.5,,21.44,Release-0.2.1.1,,False,False,0.0,
911,2019-06-10T23:42:48Z,A000806,,,-9.9,86.0,,,132.7,,21.29,Release-0.2.1.1,,False,False,0.0,
912,2019-06-10T23:47:54Z,A000806,,,-10.0,86.0,,,134.4,,21.16,Release-0.2.1.1,,False,False,0.0,
913,2019-06-10T23:53:00Z,A000806,,,-9.9,86.0,,,130.8,,21.09,Release-0.2.1.1,,False,False,0.0,
914,2019-06-10T23:58:05Z,A000806,,,-9.75,86.0,,,132.5,,21.0,Release-0.2.1.1,,False,False,0.0,
915,2019-06-11T00:03:11Z,A000806,,,-66.4,85.55,,,133.6,,21.03,Release-0.2.1.1,-91.0,False,False,0.0,
916,2019-06-11T00:08:17Z,A000806,,,-9.75,85.0,,,133.1,,21.12,Release-0.2.1.1,,False,False,0.0,
917,2019-06-11T00:13:22Z,A000806,,,-8.3,85.0,,,132.3,,20.97,Release-0.2.1.1,,False,False,0.0,
918,2019-06-11T00:18:28Z,A000806,,,-9.95,85.0,,,132.6,,21.04,Release-0.2.1.1,,False,False,0.0,
919,2019-06-11T00:23:34Z,A000806,,,-9.95,85.0,,,130.8,,21.1,Release-0.2.1.1,,False,False,0.0,
920,2019-06-11T00:28:39Z,A000806,,,-9.95,85.0,,,131.5,,21.16,Release-0.2.1.1,,False,False,0.0,
921,2019-06-11T00:33:45Z,A000806,,,-9.8,85.0,,,132.5,,21.24,Release-0.2.1.1,,False,False,0.0,
922,2019-06-11T00:38:51Z,A000806,,,-9.9,85.0,,,131.6,,21.25,Release-0.2.1.1,,False,False,0.0,
923,2019-06-11T00:43:56Z,A000806,,,-9.75,85.0,,,130.6,,21.27,Release-0.2.1.1,,False,False,0.0,
924,2019-06-11T00:49:05Z,A000806,,,-3.5,85.0,,,133.7,,21.25,Release-0.2.1.1,,False,False,0.0,
925,2019-06-11T00:54:08Z,A000806,,,-7.25,85.0,,,132.1,,21.28,Release-0.2.1.1,,False,False,0.0,
926,2019-06-11T00:59:13Z,A000806,,,-9.95,85.0,,,132.4,,21.4,Release-0.2.1.1,,False,False,0.0,
927,2019-06-11T01:04:18Z,A000806,,,-56.55,85.0,,,131.8,,21.58,Release-0.2.1.1,-89.0,False,False,0.0,
928,2019-06-11T01:09:24Z,A000806,,,-9.95,84.55,,,132.3,,21.71,Release-0.2.1.1,,False,False,0.0,
929,2019-06-11T01:14:29Z,A000806,,,-9.95,84.0,,,131.6,,21.58,Release-0.2.1.1,,False,False,0.0,
930,2019-06-11T01:19:35Z,A000806,,,-9.85,84.0,,,133.9,,21.54,Release-0.2.1.1,,False,False,0.0,
931,2019-06-11T01:24:40Z,A000806,,,-9.9,84.0,,,131.7,,21.52,Release-0.2.1.1,,False,False,0.0,
932,2019-06-11T01:29:46Z,A000806,,,-4.75,84.0,,,132.0,,21.43,Release-0.2.1.1,,False,False,0.0,
933,2019-06-11T01:34:51Z,A000806,,,-9.85,84.0,,,131.7,,21.51,Release-0.2.1.1,,False,False,0.0,
934,2019-06-11T01:40:00Z,A000806,,,-5.45,84.0,,,130.9,,21.5,Release-0.2.1.1,,False,False,0.0,
935,2019-06-11T01:45:06Z,A000806,,,-3.25,84.0,,,132.7,,21.4,Release-0.2.1.1,,False,False,0.0,
936,2019-06-11T01:50:08Z,A000806,,,-9.8,84.0,,,130.3,,21.46,Release-0.2.1.1,,False,False,0.0,
937,2019-06-11T01:55:17Z,A000806,,,-3.75,84.0,,,131.4,,21.46,Release-0.2.1.1,,False,False,0.0,
938,2019-06-11T02:00:22Z,A000806,,,-2.0,84.0,,,131.0,,21.41,Release-0.2.1.1,,False,False,0.0,
939,2019-06-11T02:05:28Z,A000806,,,-46.5,84.0,,,130.2,,21.52,Release-0.2.1.1,-89.0,False,False,0.0,
940,2019-06-11T02:10:33Z,A000806,,,-2.25,84.0,,,131.9,,21.63,Release-0.2.1.1,,False,False,0.0,
941,2019-06-11T02:15:39Z,A000806,,,-3.5,84.0,,,131.0,,21.48,Release-0.2.1.1,,False,False,0.0,
942,2019-06-11T02:20:44Z,A000806,,,-3.5,84.0,,,131.6,,21.44,Release-0.2.1.1,,False,False,0.0,
943,2019-06-11T02:25:50Z,A000806,,,-3.5,84.0,,,131.0,,21.36,Release-0.2.1.1,,False,False,0.0,
944,2019-06-11T02:30:55Z,A000806,,,-3.5,84.0,,,130.7,,21.35,Release-0.2.1.1,,False,False,0.0,
945,2019-06-11T02:36:01Z,A000806,,,-4.25,84.0,,,131.7,,21.35,Release-0.2.1.1,,False,False,0.0,
946,2019-06-11T02:41:06Z,A000806,,,-3.25,84.0,,,131.6,,21.35,Release-0.2.1.1,,False,False,0.0,
947,2019-06-11T02:46:12Z,A000806,,,-4.0,84.0,,,131.3,,21.35,Release-0.2.1.1,,False,False,0.0,
948,2019-06-11T02:51:18Z,A000806,,,-2.25,84.0,,,131.6,,21.35,Release-0.2.1.1,,False,False,0.0,
949,2019-06-11T02:56:23Z,A000806,,,-3.0,84.0,,,131.8,,21.35,Release-0.2.1.1,,False,False,0.0,
950,2019-06-11T03:01:29Z,A000806,,,-3.25,83.65,,,132.1,,21.35,Release-0.2.1.1,,False,False,0.0,
951,2019-06-11T03:06:34Z,A000806,,,-50.4,83.0,,,131.7,,21.45,Release-0.2.1.1,-87.0,False,False,0.0,
952,2019-06-11T03:11:40Z,A000806,,,-1.75,83.0,,,130.7,,21.55,Release-0.2.1.1,,False,False,0.0,
953,2019-06-11T03:16:45Z,A000806,,,-1.75,83.0,,,130.8,,21.42,Release-0.2.1.1,,False,False,0.0,
954,2019-06-11T03:21:51Z,A000806,,,-1.75,83.0,,,130.5,,21.35,Release-0.2.1.1,,False,False,0.0,
955,2019-06-11T03:26:56Z,A000806,,,-3.0,83.0,,,131.2,,21.34,Release-0.2.1.1,,False,False,0.0,
956,2019-06-11T03:32:02Z,A000806,,,-2.25,83.0,,,131.6,,21.27,Release-0.2.1.1,,False,False,0.0,
957,2019-06-11T03:37:08Z,A000806,,,-2.25,83.0,,,132.4,,21.26,Release-0.2.1.1,,False,False,0.0,
958,2019-06-11T03:42:13Z,A000806,,,-2.25,83.0,,,131.3,,21.28,Release-0.2.1.1,,False,False,0.0,
959,2019-06-11T03:47:19Z,A000806,,,-1.75,83.0,,,131.8,,21.25,Release-0.2.1.1,,False,False,0.0,
960,2019-06-11T03:52:24Z,A000806,,,-1.5,83.0,,,129.9,,21.25,Release-0.2.1.1,,False,False,0.0,
961,2019-06-11T03:57:30Z,A000806,,,-2.0,83.0,,,130.6,,21.26,Release-0.2.1.1,,False,False,0.0,
962,2019-06-11T04:02:35Z,A000806,,,-3.0,83.0,,,131.4,,21.32,Release-0.2.1.1,,False,False,0.0,
963,2019-06-11T04:07:41Z,A000806,,,-48.0,83.0,,,130.1,,21.43,Release-0.2.1.1,-89.0,False,False,0.0,
964,2019-06-11T04:12:46Z,A000806,,,-2.25,83.0,,,132.1,,21.48,Release-0.2.1.1,,False,False,0.0,
965,2019-06-11T04:17:52Z,A000806,,,-2.0,83.0,,,129.5,,21.35,Release-0.2.1.1,,False,False,0.0,
966,2019-06-11T04:22:57Z,A000806,,,-4.0,83.0,,,131.2,,21.3,Release-0.2.1.1,,False,False,0.0,
967,2019-06-11T04:28:03Z,A000806,,,-3.0,83.0,,,130.2,,21.26,Release-0.2.1.1,,False,False,0.0,
968,2019-06-11T04:33:08Z,A000806,,,-3.0,83.0,,,129.9,,21.27,Release-0.2.1.1,,False,False,0.0,
969,2019-06-11T04:38:14Z,A000806,,,-2.75,83.0,,,130.5,,21.26,Release-0.2.1.1,,False,False,0.0,
970,2019-06-11T04:43:19Z,A000806,,,-5.0,82.45,,,130.2,,21.25,Release-0.2.1.1,,False,False,0.0,
971,2019-06-11T04:48:25Z,A000806,,,-5.0,82.0,,,129.7,,21.25,Release-0.2.1.1,,False,False,0.0,
972,2019-06-11T04:53:30Z,A000806,,,-5.0,82.0,,,130.2,,21.25,Release-0.2.1.1,,False,False,0.0,
973,2019-06-11T04:58:36Z,A000806,,,-5.0,82.0,,,130.7,,21.25,Release-0.2.1.1,,False,False,0.0,
974,2019-06-11T05:03:41Z,A000806,,,-5.0,82.0,,,131.1,,21.25,Release-0.2.1.1,,False,False,0.0,
975,2019-06-11T05:08:47Z,A000806,,,-49.6,82.0,,,130.5,,21.37,Release-0.2.1.1,-89.0,False,False,0.0,
976,2019-06-11T05:13:52Z,A000806,,,-5.0,82.0,,,131.7,,21.47,Release-0.2.1.1,,False,False,0.0,
977,2019-06-11T05:18:58Z,A000806,,,-5.0,82.0,,,130.5,,21.34,Release-0.2.1.1,,False,False,0.0,
978,2019-06-11T05:24:03Z,A000806,,,-5.0,82.0,,,131.7,,21.26,Release-0.2.1.1,,False,False,0.0,
979,2019-06-11T05:29:09Z,A000806,,,-5.0,82.0,,,129.5,,21.25,Release-0.2.1.1,,False,False,0.0,
980,2019-06-11T05:34:14Z,A000806,,,-5.0,82.0,,,130.1,,21.25,Release-0.2.1.1,,False,False,0.0,
981,2019-06-11T05:39:20Z,A000806,,,-5.0,82.0,,,131.4,,21.25,Release-0.2.1.1,,False,False,0.0,
982,2019-06-11T05:44:25Z,A000806,,,-5.0,82.0,,,131.7,,21.24,Release-0.2.1.1,,False,False,0.0,
983,2019-06-11T05:49:31Z,A000806,,,-5.0,82.0,,,130.2,,21.2,Release-0.2.1.1,,False,False,0.0,
984,2019-06-11T05:54:37Z,A000806,,,-5.0,82.0,,,131.7,,21.18,Release-0.2.1.1,,False,False,0.0,
985,2019-06-11T05:59:42Z,A000806,,,-5.0,82.0,,,130.8,,21.18,Release-0.2.1.1,,False,False,0.0,
986,2019-06-11T06:04:48Z,A000806,,,-5.0,82.0,,,131.7,,21.2,Release-0.2.1.1,,False,False,0.0,
987,2019-06-11T06:09:53Z,A000806,,,-49.5,82.0,,,130.3,,21.31,Release-0.2.1.1,-89.0,False,False,0.0,
988,2019-06-11T06:14:58Z,A000806,,,-5.0,82.0,,,129.9,,21.4,Release-0.2.1.1,,False,False,0.0,
989,2019-06-11T06:20:04Z,A000806,,,-5.0,82.0,,,131.5,,21.28,Release-0.2.1.1,,False,False,0.0,
990,2019-06-11T06:25:09Z,A000806,,,-5.0,82.0,,,129.7,,21.25,Release-0.2.1.1,,False,False,0.0,
991,2019-06-11T06:30:15Z,A000806,,,-5.0,81.35,,,130.2,,21.23,Release-0.2.1.1,,False,False,0.0,
992,2019-06-11T06:35:20Z,A000806,,,-5.0,81.0,,,129.4,,21.23,Release-0.2.1.1,,False,False,0.0,
993,2019-06-11T06:40:26Z,A000806,,,-5.0,81.0,,,130.4,,21.24,Release-0.2.1.1,,False,False,0.0,
994,2019-06-11T06:45:32Z,A000806,,,-5.0,81.0,,,131.3,,21.21,Release-0.2.1.1,,False,False,0.0,
995,2019-06-11T06:50:37Z,A000806,,,-5.0,81.0,,,130.6,,21.19,Release-0.2.1.1,,False,False,0.0,
996,2019-06-11T06:55:43Z,A000806,,,-4.75,81.0,,,130.0,,21.16,Release-0.2.1.1,,False,False,0.0,
997,2019-06-11T07:00:49Z,A000806,,,-5.0,81.0,,,130.0,,21.16,Release-0.2.1.1,,False,False,0.0,
998,2019-06-11T07:05:54Z,A000806,,,-5.0,81.0,,,132.5,,21.17,Release-0.2.1.1,,False,False,0.0,
999,2019-06-11T07:11:00Z,A000806,,,-49.6,81.0,,,129.1,,21.35,Release-0.2.1.1,-89.0,False,False,0.0,
